energy,code,country,date,value_supply,notes,value_wti,is_turning_point,supply_lag_1,price_lag_1,supply_lag_2,price_lag_2,supply_lag_3,price_lag_3,supply_pct_change,price_pct_change,supply_ma_3,price_ma_3,supply_ma_6,price_ma_6,us_inventory_level,us_inventory_mom_change,us_inventory_5y_percentile,us_inventory_velocity,us_inventory_acceleration,global_inventory_change,inventory_pct_change,inventory_supply_ratio,inventory_trend,inventory_acceleration,inventory_price_ratio,event_type,opec_meeting,opec_meeting_inventory_change,opec_meeting_supply_change,opec_cut,opec_cut_inventory_change,opec_cut_supply_change,opec_maintain,opec_maintain_inventory_change,opec_maintain_supply_change,opec_no_agreement,opec_no_agreement_inventory_change,opec_no_agreement_supply_change,opec_extend,opec_extend_inventory_change,opec_extend_supply_change,opec_increase,opec_increase_inventory_change,opec_increase_supply_change,opec_no_event,opec_no_event_inventory_change,opec_no_event_supply_change,predicted_turning_point
OIL,TPSDKT,SVN,2002-05-31,4.0,3,94.16,0,170.0,94.16,0.0,94.16,0.0,94.16,-0.976470588235294,0.0,58.0,94.16,29.0,94.16,308297,-0.0023848508578344,0.7307692307692307,6032.0,7568.0,0.0,0.0,77074.25,0.0,0.0,3274.1822429906542,no_event,0,0.0,-0.0,0,0.0,-0.0,0,0.0,-0.0,0,0.0,-0.0,0,0.0,-0.0,0,0.0,-0.0,1,0.0,-0.976470588235294,0
OIL,TPSDKT,NZL,2002-05-31,9.0,3,94.16,1,-448.0,94.16,0.0,94.16,-414.0,94.16,-1.0200892857142858,0.0,-146.33333333333334,94.16,-142.16666666666666,94.16,308297,-0.0023848508578344,0.7307692307692307,6032.0,7568.0,0.0,0.0,34255.22222222222,0.0,0.0,3274.1822429906542,no_event,0,0.0,-0.0,0,0.0,-0.0,0,0.0,-0.0,0,0.0,-0.0,0,0.0,-0.0,0,0.0,-0.0,1,0.0,-1.0200892857142858,0
OIL,TPSDKT,TWN,2002-05-31,-169.0,3,94.16,1,-75.0,94.16,0.0,94.16,9.0,94.16,1.2533333333333334,0.0,-81.33333333333333,94.16,-113.83333333333331,94.16,308297,-0.0023848508578344,0.7307692307692307,6032.0,7568.0,0.0,0.0,-1824.242603550296,0.0,0.0,3274.1822429906542,no_event,0,0.0,0.0,0,0.0,0.0,0,0.0,0.0,0,0.0,0.0,0,0.0,0.0,0,0.0,0.0,1,0.0,1.2533333333333334,0
OIL,TPSDKT,USA,2003-01-31,1070.0,3,94.16,1,9.0,94.16,0.0,94.16,0.0,94.16,117.88888888888889,0.0,359.6666666666667,94.16,179.83333333333334,94.16,258100,-0.015220020679998,0.0192307692307692,944.0,1452.0,0.0,0.0,241.21495327102804,0.0,0.0,2741.0790144435005,no_event,0,0.0,0.0,0,0.0,0.0,0,0.0,0.0,0,0.0,0.0,0,0.0,0.0,0,0.0,0.0,1,0.0,117.88888888888889,0
OIL,TPSDKT,SVN,2003-01-31,4.0,3,94.16,0,1070.0,94.16,9.0,94.16,0.0,94.16,-0.9962616822429906,0.0,361.0,94.16,180.5,94.16,258100,-0.015220020679998,0.0192307692307692,944.0,1452.0,0.0,0.0,64525.0,0.0,0.0,2741.0790144435005,no_event,0,0.0,-0.0,0,0.0,-0.0,0,0.0,-0.0,0,0.0,-0.0,0,0.0,-0.0,0,0.0,-0.0,1,0.0,-0.9962616822429906,0
OIL,TPSDKT,THA,2003-01-31,-414.0,3,94.16,0,-448.0,94.16,0.0,94.16,0.0,94.16,-0.0758928571428571,0.0,-287.3333333333333,94.16,-115.33333333333331,94.16,258100,-0.015220020679998,0.0192307692307692,944.0,1452.0,0.0,0.0,-623.4299516908212,0.0,0.0,2741.0790144435005,no_event,0,0.0,-0.0,0,0.0,-0.0,0,0.0,-0.0,0,0.0,-0.0,0,0.0,-0.0,0,0.0,-0.0,1,0.0,-0.0758928571428571,0
OIL,TPSDKT,THA,2003-02-28,-414.0,3,94.16,0,-17.0,94.16,0.0,94.16,0.0,94.16,23.352941176470587,0.0,-143.66666666666666,94.16,-84.33333333333333,94.16,257500,-0.0023246803564509,0.0269230769230769,1697.0,2731.0,0.0,0.0,-621.9806763285025,0.0,0.0,2734.706881903144,no_event,0,0.0,0.0,0,0.0,0.0,0,0.0,0.0,0,0.0,0.0,0,0.0,0.0,0,0.0,0.0,1,0.0,23.352941176470587,0
OIL,TPSDKT,SWE,2003-02-28,-448.0,3,94.16,1,-414.0,94.16,-17.0,94.16,0.0,94.16,0.0821256038647342,0.0,-293.0,94.16,-146.5,94.16,257500,-0.0023246803564509,0.0269230769230769,1697.0,2731.0,0.0,0.0,-574.7767857142857,0.0,0.0,2734.706881903144,no_event,0,0.0,0.0,0,0.0,0.0,0,0.0,0.0,0,0.0,0.0,0,0.0,0.0,0,0.0,0.0,1,0.0,0.0821256038647342,0
OIL,TPSDKT,NZL,2003-02-28,9.0,3,94.16,1,-448.0,94.16,-414.0,94.16,-17.0,94.16,-1.0200892857142858,0.0,-284.3333333333333,94.16,-145.0,94.16,257500,-0.0023246803564509,0.0269230769230769,1697.0,2731.0,0.0,0.0,28611.11111111111,0.0,0.0,2734.706881903144,no_event,0,0.0,-0.0,0,0.0,-0.0,0,0.0,-0.0,0,0.0,-0.0,0,0.0,-0.0,0,0.0,-0.0,1,0.0,-1.0200892857142858,0
OIL,TPSDKT,TWN,2003-02-28,-169.0,3,94.16,0,9.0,94.16,-448.0,94.16,-414.0,94.16,-19.77777777777778,0.0,-202.66666666666663,94.16,-173.16666666666666,94.16,257500,-0.0023246803564509,0.0269230769230769,1697.0,2731.0,0.0,0.0,-1523.6686390532543,0.0,0.0,2734.706881903144,no_event,0,0.0,-0.0,0,0.0,-0.0,0,0.0,-0.0,0,0.0,-0.0,0,0.0,-0.0,0,0.0,-0.0,1,0.0,-19.77777777777778,0
OIL,TPSDKT,PER,2003-10-31,170.0,3,94.16,1,-414.0,94.16,0.0,94.16,0.0,94.16,-1.4106280193236715,0.0,-81.33333333333333,94.16,-40.666666666666664,94.16,274914,0.0398598965110297,0.3807692307692307,49.0,-3591.0,0.0,0.0,1617.1411764705883,0.0,0.0,2919.6474086661005,no_event,0,0.0,-0.0,0,0.0,-0.0,0,0.0,-0.0,0,0.0,-0.0,0,0.0,-0.0,0,0.0,-0.0,1,0.0,-1.4106280193236715,0
OIL,TPSDKT,USA,2004-04-30,1070.0,3,94.16,1,-75.0,94.16,0.0,94.16,0.0,94.16,-15.266666666666667,0.0,331.6666666666667,94.16,165.83333333333334,94.16,282748,0.0187685334313376,0.5653846153846154,95.0,-3084.0,0.0,0.0,264.2504672897196,0.0,0.0,3002.8462192013594,no_event,0,0.0,-0.0,0,0.0,-0.0,0,0.0,-0.0,0,0.0,-0.0,0,0.0,-0.0,0,0.0,-0.0,1,0.0,-15.266666666666667,0
OIL,TPSDKT,THA,2004-04-30,-414.0,3,94.16,0,-448.0,94.16,0.0,94.16,0.0,94.16,-0.0758928571428571,0.0,-287.3333333333333,94.16,-143.66666666666666,94.16,282748,0.0187685334313376,0.5653846153846154,95.0,-3084.0,0.0,0.0,-682.9661835748792,0.0,0.0,3002.8462192013594,no_event,0,0.0,-0.0,0,0.0,-0.0,0,0.0,-0.0,0,0.0,-0.0,0,0.0,-0.0,0,0.0,-0.0,1,0.0,-0.0758928571428571,0
OIL,TPSDKT,TWN,2004-04-30,-169.0,3,94.16,1,170.0,94.16,0.0,94.16,0.0,94.16,-1.9941176470588236,0.0,0.3333333333333333,94.16,-143.5,94.16,282748,0.0187685334313376,0.5653846153846154,95.0,-3084.0,0.0,0.0,-1673.0650887573966,0.0,0.0,3002.8462192013594,no_event,0,0.0,-0.0,0,0.0,-0.0,0,0.0,-0.0,0,0.0,-0.0,0,0.0,-0.0,0,0.0,-0.0,1,0.0,-1.9941176470588236,0
OIL,TPSDKT,VNM,2004-04-30,-17.0,3,94.16,0,-169.0,94.16,170.0,94.16,0.0,94.16,-0.8994082840236687,0.0,-5.333333333333333,94.16,-71.66666666666667,94.16,282748,0.0187685334313376,0.5653846153846154,95.0,-3084.0,0.0,0.0,-16632.235294117647,0.0,0.0,3002.8462192013594,no_event,0,0.0,-0.0,0,0.0,-0.0,0,0.0,-0.0,0,0.0,-0.0,0,0.0,-0.0,0,0.0,-0.0,1,0.0,-0.8994082840236687,0
OIL,TPSDKT,TWN,2004-12-31,-169.0,3,94.16,1,170.0,94.16,0.0,94.16,-448.0,94.16,-1.9941176470588236,0.0,0.3333333333333333,94.16,-143.5,94.16,275442,-0.0055563377993436,0.5038461538461538,-3219.0,-2360.0,0.0,0.0,-1629.8343195266273,0.0,0.0,2925.254885301614,no_event,0,0.0,-0.0,0,0.0,-0.0,0,0.0,-0.0,0,0.0,-0.0,0,0.0,-0.0,0,0.0,-0.0,1,0.0,-1.9941176470588236,0
OIL,TPSDKT,ZAF,2004-12-31,-75.0,3,94.16,0,-169.0,94.16,170.0,94.16,0.0,94.16,-0.5562130177514792,0.0,-24.666666666666668,94.16,-87.0,94.16,275442,-0.0055563377993436,0.5038461538461538,-3219.0,-2360.0,0.0,0.0,-3672.56,0.0,0.0,2925.254885301614,no_event,0,0.0,-0.0,0,0.0,-0.0,0,0.0,-0.0,0,0.0,-0.0,0,0.0,-0.0,0,0.0,-0.0,1,0.0,-0.5562130177514792,0
OIL,TPSDKT,VNM,2005-09-30,-17.0,3,94.16,0,-31.0,94.16,0.0,94.16,0.0,94.16,-0.4516129032258065,0.0,-16.0,94.16,-13.166666666666666,94.16,289398,-0.0522820380989182,0.6576923076923077,-246.0,2166.0,0.0,0.0,-17023.41176470588,0.0,15965.0,3073.4706881903144,no_event,0,0.0,-0.0,0,0.0,-0.0,0,0.0,-0.0,0,0.0,-0.0,0,0.0,-0.0,0,0.0,-0.0,1,0.0,-0.4516129032258065,0
OIL,TPSDKT,SWE,2005-09-30,-448.0,3,94.16,1,-169.0,94.16,0.0,94.16,0.0,94.16,1.6508875739644973,0.0,-205.66666666666663,94.16,-110.83333333333331,94.16,289398,-0.0522820380989182,0.6576923076923077,-246.0,2166.0,0.0,0.0,-645.9776785714286,0.0,0.0,3073.4706881903144,no_event,0,0.0,0.0,0,0.0,0.0,0,0.0,0.0,0,0.0,0.0,0,0.0,0.0,0,0.0,0.0,1,0.0,1.6508875739644973,0
OIL,TPSDKT,NZL,2005-09-30,9.0,3,94.16,1,-448.0,94.16,-169.0,94.16,0.0,94.16,-1.0200892857142858,0.0,-202.66666666666663,94.16,-104.16666666666669,94.16,289398,-0.0522820380989182,0.6576923076923077,-246.0,2166.0,0.0,0.0,32155.333333333332,0.0,0.0,3073.4706881903144,no_event,0,0.0,-0.0,0,0.0,-0.0,0,0.0,-0.0,0,0.0,-0.0,0,0.0,-0.0,0,0.0,-0.0,1,0.0,-1.0200892857142858,0
OIL,TPSDKT,THA,2006-03-31,-414.0,3,94.16,1,170.0,94.16,0.0,94.16,0.0,94.16,-3.4352941176470586,0.0,-81.33333333333333,94.16,-53.166666666666664,94.16,326442,0.0458359363736844,1.0,2110.0,80.0,0.0,0.0,-788.5072463768116,0.0,0.0,3466.886151231946,no_event,0,0.0,-0.0,0,0.0,-0.0,0,0.0,-0.0,0,0.0,-0.0,0,0.0,-0.0,0,0.0,-0.0,1,0.0,-3.4352941176470586,0
OIL,TPSDKT,VNM,2006-06-30,-17.0,3,94.16,1,170.0,94.16,0.0,94.16,0.0,94.16,-1.1,0.0,51.0,94.16,25.5,94.16,325089,-0.0123408405260807,0.95,-2421.0,908.0,0.0,0.0,-19122.882352941175,0.0,0.0,3452.516992353441,no_event,0,0.0,-0.0,0,0.0,-0.0,0,0.0,-0.0,0,0.0,-0.0,0,0.0,-0.0,0,0.0,-0.0,1,0.0,-1.1,0
OIL,TPSDKT,VNM,2007-08-31,-17.0,3,94.16,0,9.0,94.16,0.0,94.16,0.0,94.16,-2.888888888888889,0.0,-2.6666666666666665,94.16,-29.5,94.16,312591,-0.0449024861971297,0.7461538461538462,-3972.0,-486.0,0.0,0.0,-18387.70588235294,0.0,0.0,3319.785471537808,no_event,0,0.0,-0.0,0,0.0,-0.0,0,0.0,-0.0,0,0.0,-0.0,0,0.0,-0.0,0,0.0,-0.0,1,0.0,-2.888888888888889,0
OIL,TPSDKT,SWE,2007-08-31,-448.0,3,94.16,1,-17.0,94.16,9.0,94.16,0.0,94.16,25.352941176470587,0.0,-152.0,94.16,-76.0,94.16,312591,-0.0449024861971297,0.7461538461538462,-3972.0,-486.0,0.0,0.0,-697.7477678571429,0.0,0.0,3319.785471537808,no_event,0,0.0,0.0,0,0.0,0.0,0,0.0,0.0,0,0.0,0.0,0,0.0,0.0,0,0.0,0.0,1,0.0,25.352941176470587,0
OIL,TPSDKT,THA,2007-08-31,-414.0,3,94.16,0,-448.0,94.16,-17.0,94.16,9.0,94.16,-0.0758928571428571,0.0,-293.0,94.16,-145.0,94.16,312591,-0.0449024861971297,0.7461538461538462,-3972.0,-486.0,0.0,0.0,-755.0507246376811,0.0,0.0,3319.785471537808,no_event,0,0.0,-0.0,0,0.0,-0.0,0,0.0,-0.0,0,0.0,-0.0,0,0.0,-0.0,0,0.0,-0.0,1,0.0,-0.0758928571428571,0
OIL,TPSDKT,ZAF,2007-08-31,-75.0,3,94.16,1,1070.0,94.16,0.0,94.16,0.0,94.16,-1.0700934579439252,0.0,331.6666666666667,94.16,165.83333333333334,94.16,312591,-0.0449024861971297,0.7461538461538462,-3972.0,-486.0,0.0,0.0,-4167.88,0.0,0.0,3319.785471537808,no_event,0,0.0,-0.0,0,0.0,-0.0,0,0.0,-0.0,0,0.0,-0.0,0,0.0,-0.0,0,0.0,-0.0,1,0.0,-1.0700934579439252,0
OIL,TPSDKT,VNM,2007-11-30,-17.0,3,88.6,1,4.0,88.6,0.0,88.6,478.0,88.6,-5.25,0.0,-4.333333333333333,88.6,77.5,88.6,287895,-0.0256602036706748,0.4423076923076923,-7913.0,-7461.0,0.0,0.0,-16935.0,0.0,0.0,3249.3792325056434,no_event,0,0.0,-0.0,0,0.0,-0.0,0,0.0,-0.0,0,0.0,-0.0,0,0.0,-0.0,0,0.0,-0.0,1,0.0,-5.25,0
OIL,TPSDKT,NZL,2007-11-30,9.0,3,88.6,1,-17.0,88.6,4.0,88.6,0.0,88.6,-1.5294117647058822,0.0,-1.3333333333333333,88.6,79.0,88.6,287895,-0.0256602036706748,0.4423076923076923,-7913.0,-7461.0,0.0,0.0,31988.333333333332,0.0,0.0,3249.3792325056434,no_event,0,0.0,-0.0,0,0.0,-0.0,0,0.0,-0.0,0,0.0,-0.0,0,0.0,-0.0,0,0.0,-0.0,1,0.0,-1.5294117647058822,0
OIL,TPSDKT,THA,2007-11-30,-414.0,3,88.6,1,-169.0,88.6,0.0,88.6,9.0,88.6,1.4497041420118344,0.0,-194.33333333333337,88.6,-97.83333333333331,88.6,287895,-0.0256602036706748,0.4423076923076923,-7913.0,-7461.0,0.0,0.0,-695.3985507246376,0.0,0.0,3249.3792325056434,no_event,0,0.0,0.0,0,0.0,0.0,0,0.0,0.0,0,0.0,0.0,0,0.0,0.0,0,0.0,0.0,1,0.0,1.4497041420118344,0
OIL,TPSDKT,PRT,2008-02-29,-31.0,3,101.78,1,478.0,91.67,0.0,91.67,0.0,91.67,-1.0648535564853556,0.1102868986582306,149.0,95.04,74.5,93.355,287785,0.044697827728408,0.4346153846153846,-3056.0,-6287.0,0.0,0.044697827728408,-9283.387096774191,12313.0,12313.0,2827.520141481627,no_event,0,0.0,-0.0,0,0.0,-0.0,0,0.0,-0.0,0,0.0,-0.0,0,0.0,-0.0,0,0.0,-0.0,1,0.044697827728408,-1.0648535564853556,0
OIL,TPSDKT,THA,2008-02-29,-414.0,3,101.78,1,-17.0,101.78,0.0,101.78,0.0,101.78,23.352941176470587,0.0,-143.66666666666666,101.78,-71.83333333333333,101.78,287785,0.044697827728408,0.4346153846153846,-3056.0,-6287.0,0.0,0.0,-695.1328502415458,0.0,0.0,2827.520141481627,no_event,0,0.0,0.0,0,0.0,0.0,0,0.0,0.0,0,0.0,0.0,0,0.0,0.0,0,0.0,0.0,1,0.0,23.352941176470587,0
OIL,TPSDKT,USA,2008-10-31,1070.0,3,68.1,1,-169.0,68.1,0.0,68.1,0.0,68.1,-7.331360946745562,0.0,300.3333333333333,68.1,137.66666666666666,73.53333333333333,294444,0.0633125325012999,0.45,54.0,-439.0,0.0,0.0,275.18130841121496,0.0,0.0,4323.700440528634,no_event,0,0.0,-0.0,0,0.0,-0.0,0,0.0,-0.0,0,0.0,-0.0,0,0.0,-0.0,0,0.0,-0.0,1,0.0,-7.331360946745562,0
OIL,TPSDKT,PRT,2008-10-31,-31.0,3,68.1,0,1070.0,68.1,-169.0,68.1,0.0,68.1,-1.0289719626168223,0.0,290.0,68.1,145.0,68.1,294444,0.0633125325012999,0.45,54.0,-439.0,0.0,0.0,-9498.193548387097,0.0,0.0,4323.700440528634,no_event,0,0.0,-0.0,0,0.0,-0.0,0,0.0,-0.0,0,0.0,-0.0,0,0.0,-0.0,0,0.0,-0.0,1,0.0,-1.0289719626168223,0
OIL,TPSDKT,NOR,2008-10-31,478.0,3,68.1,1,4.0,68.1,0.0,68.1,-31.0,68.1,118.5,0.0,160.66666666666666,68.1,225.33333333333337,68.1,294444,0.0633125325012999,0.45,54.0,-439.0,0.0,0.0,615.9916317991632,0.0,0.0,4323.700440528634,no_event,0,0.0,0.0,0,0.0,0.0,0,0.0,0.0,0,0.0,0.0,0,0.0,0.0,0,0.0,0.0,1,0.0,118.5,0
OIL,TPSDKT,ZAF,2009-07-31,63.0,3,69.26,1,-376.0,69.26,0.0,69.26,-5.0,69.26,-1.1675531914893618,0.0,-104.33333333333331,69.26,-95.0,69.26,331296,-0.0014708364478094,0.8961538461538462,1670.0,-3482.0,1960.0,0.0,5258.666666666667,0.0,0.0,4783.36702281259,no_event,0,0.0,-0.0,0,0.0,-0.0,0,0.0,-0.0,0,0.0,-0.0,0,0.0,-0.0,0,0.0,-0.0,1,0.0,-1.1675531914893618,0
OIL,TPSDKT,NZL,2009-07-31,-1.0,3,69.26,0,63.0,69.26,-376.0,69.26,0.0,69.26,-1.0158730158730158,0.0,-104.66666666666669,69.26,-53.166666666666664,69.26,331296,-0.0014708364478094,0.8961538461538462,1670.0,-3482.0,1960.0,0.0,-331296.0,0.0,0.0,4783.36702281259,no_event,0,0.0,-0.0,0,0.0,-0.0,0,0.0,-0.0,0,0.0,-0.0,0,0.0,-0.0,0,0.0,-0.0,1,0.0,-1.0158730158730158,0
OIL,TPSDKT,PER,2009-07-31,248.0,3,69.26,1,-27.0,69.26,0.0,69.26,2433.0,69.26,-10.185185185185183,0.0,73.66666666666667,69.26,442.3333333333333,69.26,331296,-0.0014708364478094,0.8961538461538462,1670.0,-3482.0,1960.0,0.0,1335.8709677419354,0.0,0.0,4783.36702281259,no_event,0,0.0,-0.0,0,0.0,-0.0,0,0.0,-0.0,0,0.0,-0.0,0,0.0,-0.0,0,0.0,-0.0,1,0.0,-10.185185185185183,0
OIL,TPSDKT,SVN,2010-04-30,17.0,3,86.07,1,-409.0,86.07,0.0,83.45,0.0,83.45,-1.0415647921760391,0.0,-130.66666666666666,85.19666666666667,-77.66666666666667,84.32333333333334,339942,0.0196648929469143,0.9576923076923076,2755.0,792.0,5142.0,0.0,19996.58823529412,0.0,-6556.0,3949.599163471594,no_event,0,0.0,-0.0,0,0.0,-0.0,0,0.0,-0.0,0,0.0,-0.0,0,0.0,-0.0,0,0.0,-0.0,1,0.0,-1.0415647921760391,0
OIL,TPSDKT,USA,2010-04-30,2210.0,3,86.07,1,-36.0,86.07,0.0,86.07,17.0,86.07,-62.388888888888886,0.0,724.6666666666666,86.07,297.0,85.63333333333333,339942,0.0196648929469143,0.9576923076923076,2755.0,792.0,5142.0,0.0,153.81990950226245,0.0,0.0,3949.599163471594,no_event,0,0.0,-0.0,0,0.0,-0.0,0,0.0,-0.0,0,0.0,-0.0,0,0.0,-0.0,0,0.0,-0.0,1,0.0,-62.388888888888886,0
OIL,TPSDKT,SGP,2010-04-30,2593.0,3,86.07,1,-5.0,86.07,0.0,86.07,0.0,86.07,-519.6,0.0,862.6666666666666,86.07,425.1666666666667,86.07,339942,0.0196648929469143,0.9576923076923076,2755.0,792.0,5142.0,0.0,131.0998843038951,0.0,0.0,3949.599163471594,no_event,0,0.0,-0.0,0,0.0,-0.0,0,0.0,-0.0,0,0.0,-0.0,0,0.0,-0.0,0,0.0,-0.0,1,0.0,-519.6,0
OIL,TPSDKT,PER,2010-04-30,196.0,3,86.07,0,347.0,86.07,0.0,86.07,2593.0,86.07,-0.4351585014409221,0.0,181.0,86.07,521.8333333333334,86.07,339942,0.0196648929469143,0.9576923076923076,2755.0,792.0,5142.0,0.0,1734.3979591836735,0.0,0.0,3949.599163471594,no_event,0,0.0,-0.0,0,0.0,-0.0,0,0.0,-0.0,0,0.0,-0.0,0,0.0,-0.0,0,0.0,-0.0,1,0.0,-0.4351585014409221,0
OIL,TPSDKT,SWE,2010-04-30,88.0,3,86.07,0,196.0,86.07,347.0,86.07,0.0,86.07,-0.5510204081632653,0.0,210.33333333333337,86.07,536.5,86.07,339942,0.0196648929469143,0.9576923076923076,2755.0,792.0,5142.0,0.0,3862.977272727273,0.0,0.0,3949.599163471594,no_event,0,0.0,-0.0,0,0.0,-0.0,0,0.0,-0.0,0,0.0,-0.0,0,0.0,-0.0,0,0.0,-0.0,1,0.0,-0.5510204081632653,0
OIL,TPSDKT,PRT,2010-04-30,-20.0,3,86.07,0,-62.0,86.07,0.0,86.07,0.0,86.07,-0.6774193548387097,0.0,-27.333333333333332,86.07,-13.666666666666666,86.07,339942,0.0196648929469143,0.9576923076923076,2755.0,792.0,5142.0,0.0,-16997.1,0.0,0.0,3949.599163471594,no_event,0,0.0,-0.0,0,0.0,-0.0,0,0.0,-0.0,0,0.0,-0.0,0,0.0,-0.0,0,0.0,-0.0,1,0.0,-0.6774193548387097,0
OIL,TPSDKT,THA,2010-12-31,-329.0,3,91.38,1,-95.0,91.38,0.0,91.38,-28.0,91.38,2.463157894736842,0.0,-141.33333333333334,91.38,-75.33333333333333,91.38,313918,-0.0730530505701917,0.4153846153846154,-4161.0,-2903.0,2220.0,0.0,-954.1580547112462,0.0,0.0,3435.3031297877,no_event,0,0.0,0.0,0,0.0,0.0,0,0.0,0.0,0,0.0,0.0,0,0.0,0.0,0,0.0,0.0,1,0.0,2.463157894736842,0
OIL,TPSDKT,NZL,2010-12-31,-89.0,3,91.38,1,-66.0,91.38,0.0,91.38,0.0,91.38,0.3484848484848484,0.0,-51.666666666666664,91.38,-25.833333333333332,91.38,313918,-0.0730530505701917,0.4153846153846154,-4161.0,-2903.0,2220.0,0.0,-3527.168539325842,0.0,0.0,3435.3031297877,no_event,0,0.0,0.0,0,0.0,0.0,0,0.0,0.0,0,0.0,0.0,0,0.0,0.0,0,0.0,0.0,1,0.0,0.3484848484848484,0
OIL,TPSDKT,NOR,2010-12-31,685.0,3,91.38,1,-89.0,91.38,-66.0,91.38,0.0,91.38,-8.696629213483146,0.0,176.66666666666666,91.38,88.33333333333333,91.38,313918,-0.0730530505701917,0.4153846153846154,-4161.0,-2903.0,2220.0,0.0,458.2744525547445,0.0,0.0,3435.3031297877,no_event,0,0.0,-0.0,0,0.0,-0.0,0,0.0,-0.0,0,0.0,-0.0,0,0.0,-0.0,0,0.0,-0.0,1,0.0,-8.696629213483146,0
OIL,TPSDKT,USA,2010-12-31,1612.0,3,91.38,1,139.0,91.38,0.0,91.38,0.0,91.38,10.597122302158274,0.0,583.6666666666666,91.38,391.1666666666667,91.38,313918,-0.0730530505701917,0.4153846153846154,-4161.0,-2903.0,2220.0,0.0,194.7382133995037,0.0,0.0,3435.3031297877,no_event,0,0.0,0.0,0,0.0,0.0,0,0.0,0.0,0,0.0,0.0,0,0.0,0.0,0,0.0,0.0,1,0.0,10.597122302158274,0
OIL,TPSDKT,SVN,2010-12-31,-8.0,3,91.38,0,-15.0,91.38,0.0,91.38,0.0,91.38,-0.4666666666666667,0.0,-7.666666666666667,91.38,264.8333333333333,91.38,313918,-0.0730530505701917,0.4153846153846154,-4161.0,-2903.0,2220.0,0.0,-39239.75,0.0,0.0,3435.3031297877,no_event,0,0.0,-0.0,0,0.0,-0.0,0,0.0,-0.0,0,0.0,-0.0,0,0.0,-0.0,0,0.0,-0.0,1,0.0,-0.4666666666666667,0
OIL,TPSDKT,PNG,2010-12-31,-4.0,3,91.38,0,-8.0,91.38,-15.0,91.38,0.0,91.38,-0.5,0.0,-9.0,91.38,-4.5,91.38,313918,-0.0730530505701917,0.4153846153846154,-4161.0,-2903.0,2220.0,0.0,-78479.5,0.0,0.0,3435.3031297877,no_event,0,0.0,-0.0,0,0.0,-0.0,0,0.0,-0.0,0,0.0,-0.0,0,0.0,-0.0,0,0.0,-0.0,1,0.0,-0.5,0
OIL,TPSDKT,PNG,2011-09-30,43.0,3,78.93,1,13.0,78.93,0.0,78.93,0.0,78.93,2.3076923076923075,0.0,18.666666666666668,78.93,32.0,78.93,314342,-0.0619652827305905,0.3846153846153846,-4679.0,-6594.0,1832.0,0.0,7310.279069767442,0.0,0.0,3982.5414924616744,no_event,0,0.0,0.0,0,0.0,0.0,0,0.0,0.0,0,0.0,0.0,0,0.0,0.0,0,0.0,0.0,1,0.0,2.3076923076923075,0
OIL,TPSDKT,SWE,2011-09-30,-49.0,3,78.93,1,40.0,78.93,0.0,78.93,67.0,78.93,-2.225,0.0,-3.0,78.93,352.5,78.93,314342,-0.0619652827305905,0.3846153846153846,-4679.0,-6594.0,1832.0,0.0,-6415.142857142857,0.0,0.0,3982.5414924616744,no_event,0,0.0,-0.0,0,0.0,-0.0,0,0.0,-0.0,0,0.0,-0.0,0,0.0,-0.0,0,0.0,-0.0,1,0.0,-2.225,0
OIL,TPSDKT,PRT,2011-09-30,-27.0,3,78.93,1,14.0,78.93,0.0,78.93,66.0,78.93,-2.928571428571429,0.0,-4.333333333333333,78.93,8.833333333333334,78.93,314342,-0.0619652827305905,0.3846153846153846,-4679.0,-6594.0,1832.0,0.0,-11642.296296296296,0.0,0.0,3982.5414924616744,no_event,0,0.0,-0.0,0,0.0,-0.0,0,0.0,-0.0,0,0.0,-0.0,0,0.0,-0.0,0,0.0,-0.0,1,0.0,-2.928571428571429,0
OIL,TPSDKT,USA,2012-08-31,3783.0,3,96.47,1,2069.0,96.47,0.0,96.47,3.0,96.47,0.8284195263412277,0.0,1950.6666666666667,96.47,969.6666666666666,93.67333333333332,331065,-0.0475663048512797,0.6038461538461538,-7426.0,-11204.0,6482.0,0.0,87.51387787470262,0.0,0.0,3431.792267026018,no_event,0,0.0,0.0,0,0.0,0.0,0,0.0,0.0,0,0.0,0.0,0,0.0,0.0,0,0.0,0.0,1,0.0,0.8284195263412277,0
OIL,TPSDKT,THA,2012-08-31,-407.0,3,96.47,1,3783.0,96.47,2069.0,96.47,0.0,96.47,-1.1075865715040971,0.0,1815.0,96.47,908.0,95.07166666666666,331065,-0.0475663048512797,0.6038461538461538,-7426.0,-11204.0,6482.0,0.0,-813.4275184275184,0.0,0.0,3431.792267026018,no_event,0,0.0,-0.0,0,0.0,-0.0,0,0.0,-0.0,0,0.0,-0.0,0,0.0,-0.0,0,0.0,-0.0,1,0.0,-1.1075865715040971,0
OIL,TPSDKT,OMN,2012-08-31,253.0,3,96.47,1,156.0,96.47,0.0,96.47,12.0,96.47,0.6217948717948718,0.0,136.33333333333334,96.47,2.3333333333333335,96.47,331065,-0.0475663048512797,0.6038461538461538,-7426.0,-11204.0,6482.0,0.0,1308.5573122529645,0.0,0.0,3431.792267026018,no_event,0,0.0,0.0,0,0.0,0.0,0,0.0,0.0,0,0.0,0.0,0,0.0,0.0,0,0.0,0.0,1,0.0,0.6217948717948718,0
OIL,TPSDKT,SWE,2012-08-31,-9.0,3,96.47,0,-4.0,96.47,0.0,96.47,253.0,96.47,1.25,0.0,-4.333333333333333,96.47,66.0,96.47,331065,-0.0475663048512797,0.6038461538461538,-7426.0,-11204.0,6482.0,0.0,-36785.0,0.0,0.0,3431.792267026018,no_event,0,0.0,0.0,0,0.0,0.0,0,0.0,0.0,0,0.0,0.0,0,0.0,0.0,0,0.0,0.0,1,0.0,1.25,0
OIL,TPSDKT,PRT,2012-08-31,-25.0,3,96.47,1,-9.0,96.47,-4.0,96.47,0.0,96.47,1.7777777777777777,0.0,-12.666666666666666,96.47,61.833333333333336,96.47,331065,-0.0475663048512797,0.6038461538461538,-7426.0,-11204.0,6482.0,0.0,-13242.6,0.0,0.0,3431.792267026018,no_event,0,0.0,0.0,0,0.0,0.0,0,0.0,0.0,0,0.0,0.0,0,0.0,0.0,0,0.0,0.0,1,0.0,1.7777777777777777,0
OIL,TPSDKT,POL,2012-08-31,-21.0,3,96.47,1,6.0,96.47,0.0,96.47,0.0,96.47,-4.5,0.0,-5.0,96.47,37.166666666666664,96.47,331065,-0.0475663048512797,0.6038461538461538,-7426.0,-11204.0,6482.0,0.0,-15765.0,0.0,0.0,3431.792267026018,no_event,0,0.0,-0.0,0,0.0,-0.0,0,0.0,-0.0,0,0.0,-0.0,0,0.0,-0.0,0,0.0,-0.0,1,0.0,-4.5,0
OIL,TPSDKT,TUN,2012-08-31,12.0,3,96.47,1,-21.0,96.47,6.0,96.47,0.0,96.47,-1.5714285714285714,0.0,-1.0,96.47,39.166666666666664,96.47,331065,-0.0475663048512797,0.6038461538461538,-7426.0,-11204.0,6482.0,0.0,27588.75,0.0,0.0,3431.792267026018,no_event,0,0.0,-0.0,0,0.0,-0.0,0,0.0,-0.0,0,0.0,-0.0,0,0.0,-0.0,0,0.0,-0.0,1,0.0,-1.5714285714285714,0
OIL,TPSDKT,VEN,2012-08-31,-64.0,3,96.47,1,242.0,96.47,0.0,96.47,0.0,96.47,-1.2644628099173554,0.0,59.333333333333336,96.47,28.166666666666668,96.47,331065,-0.0475663048512797,0.6038461538461538,-7426.0,-11204.0,6482.0,0.0,-5172.890625,0.0,0.0,3431.792267026018,no_event,0,0.0,-0.0,0,0.0,-0.0,0,0.0,-0.0,0,0.0,-0.0,0,0.0,-0.0,0,0.0,-0.0,1,0.0,-1.2644628099173554,0
OIL,TPSDKT,VEN,2012-11-30,24.0,3,88.54,0,130.0,88.54,0.0,88.54,0.0,88.54,-0.8153846153846154,0.0,51.333333333333336,88.54,25.666666666666668,88.54,344769,-0.0044296468699376,0.8653846153846154,-2357.0,-2010.0,5248.0,0.0,14365.375,0.0,0.0,3893.9349446577817,no_event,0,0.0,-0.0,0,0.0,-0.0,0,0.0,-0.0,0,0.0,-0.0,0,0.0,-0.0,0,0.0,-0.0,1,0.0,-0.8153846153846154,0
OIL,TPSDKT,PHL,2012-11-30,-19.0,3,88.54,0,29.0,88.54,0.0,88.54,64.0,88.54,-1.6551724137931034,0.0,3.3333333333333335,88.54,12.333333333333334,88.54,344769,-0.0044296468699376,0.8653846153846154,-2357.0,-2010.0,5248.0,0.0,-18145.736842105263,0.0,0.0,3893.9349446577817,no_event,0,0.0,-0.0,0,0.0,-0.0,0,0.0,-0.0,0,0.0,-0.0,0,0.0,-0.0,0,0.0,-0.0,1,0.0,-1.6551724137931034,0
OIL,TPSDKT,TWN,2012-11-30,-50.0,3,88.54,1,-19.0,88.54,29.0,88.54,0.0,88.54,1.6315789473684212,0.0,-13.333333333333334,88.54,4.0,88.54,344769,-0.0044296468699376,0.8653846153846154,-2357.0,-2010.0,5248.0,0.0,-6895.38,0.0,0.0,3893.9349446577817,no_event,0,0.0,0.0,0,0.0,0.0,0,0.0,0.0,0,0.0,0.0,0,0.0,0.0,0,0.0,0.0,1,0.0,1.6315789473684212,0
OIL,TPSDKT,SGP,2012-11-30,2198.0,3,88.54,1,222.0,88.54,0.0,88.54,0.0,88.54,8.9009009009009,0.0,806.6666666666666,88.54,403.3333333333333,88.54,344769,-0.0044296468699376,0.8653846153846154,-2357.0,-2010.0,5248.0,0.0,156.8557779799818,0.0,0.0,3893.9349446577817,no_event,0,0.0,0.0,0,0.0,0.0,0,0.0,0.0,0,0.0,0.0,0,0.0,0.0,0,0.0,0.0,1,0.0,8.9009009009009,0
OIL,TPSDKT,POL,2012-11-30,50.0,3,88.54,0,2198.0,88.54,222.0,88.54,0.0,88.54,-0.9772520473157416,0.0,823.3333333333334,88.54,411.6666666666667,88.54,344769,-0.0044296468699376,0.8653846153846154,-2357.0,-2010.0,5248.0,0.0,6895.38,0.0,0.0,3893.9349446577817,no_event,0,0.0,-0.0,0,0.0,-0.0,0,0.0,-0.0,0,0.0,-0.0,0,0.0,-0.0,0,0.0,-0.0,1,0.0,-0.9772520473157416,0
OIL,TPSDKT,THA,2012-11-30,-414.0,3,88.54,1,50.0,88.54,2198.0,88.54,222.0,88.54,-9.28,0.0,611.3333333333334,88.54,342.6666666666667,88.54,344769,-0.0044296468699376,0.8653846153846154,-2357.0,-2010.0,5248.0,0.0,-832.7753623188406,0.0,0.0,3893.9349446577817,no_event,0,0.0,-0.0,0,0.0,-0.0,0,0.0,-0.0,0,0.0,-0.0,0,0.0,-0.0,0,0.0,-0.0,1,0.0,-9.28,0
OIL,TPSDKT,NOR,2012-11-30,251.0,3,88.54,1,-414.0,88.54,50.0,88.54,2198.0,88.54,-1.606280193236715,0.0,-37.666666666666664,88.54,384.5,88.54,344769,-0.0044296468699376,0.8653846153846154,-2357.0,-2010.0,5248.0,0.0,1373.581673306773,0.0,0.0,3893.9349446577817,no_event,0,0.0,-0.0,0,0.0,-0.0,0,0.0,-0.0,0,0.0,-0.0,0,0.0,-0.0,0,0.0,-0.0,1,0.0,-1.606280193236715,0
OIL,TPSDKT,QAT,2012-11-30,44.0,3,88.54,0,251.0,88.54,-414.0,88.54,50.0,88.54,-0.8247011952191234,0.0,-39.666666666666664,88.54,391.8333333333333,88.54,344769,-0.0044296468699376,0.8653846153846154,-2357.0,-2010.0,5248.0,0.0,7835.659090909091,0.0,0.0,3893.9349446577817,no_event,0,0.0,-0.0,0,0.0,-0.0,0,0.0,-0.0,0,0.0,-0.0,0,0.0,-0.0,0,0.0,-0.0,1,0.0,-0.8247011952191234,0
OIL,TPSDKT,TUN,2012-11-30,1.0,3,88.54,0,2777.0,88.54,0.0,88.54,-12.0,88.54,-0.999639899171768,0.0,926.0,88.54,461.0,88.54,344769,-0.0044296468699376,0.8653846153846154,-2357.0,-2010.0,5248.0,0.0,344769.0,0.0,0.0,3893.9349446577817,no_event,0,0.0,-0.0,0,0.0,-0.0,0,0.0,-0.0,0,0.0,-0.0,0,0.0,-0.0,0,0.0,-0.0,1,0.0,-0.999639899171768,0
OIL,TPSDKT,THA,2013-05-31,174.0,3,91.93,1,12.0,91.93,0.0,91.93,0.0,91.93,13.5,0.0,62.0,91.93,57.0,92.36,362550,-0.0105292460863299,0.9807692307692308,-6267.0,-9267.0,6714.0,0.0,2083.620689655173,0.0,0.0,3943.7615577069505,maintain,0,0.0,0.0,0,0.0,0.0,1,0.0,13.5,0,0.0,0.0,0,0.0,0.0,0,0.0,0.0,0,0.0,0.0,0
OIL,TPSDKT,NZL,2013-05-31,30.0,3,91.93,0,174.0,91.93,12.0,91.93,0.0,91.93,-0.8275862068965517,0.0,72.0,91.93,36.0,92.145,362550,-0.0105292460863299,0.9807692307692308,-6267.0,-9267.0,6714.0,0.0,12085.0,0.0,0.0,3943.7615577069505,maintain,0,0.0,-0.0,0,0.0,-0.0,1,0.0,-0.8275862068965517,0,0.0,-0.0,0,0.0,-0.0,0,0.0,-0.0,0,0.0,-0.0,0
OIL,TPSDKT,PER,2013-05-31,197.0,3,91.93,1,-43.0,91.93,0.0,91.93,0.0,91.93,-5.5813953488372094,0.0,51.333333333333336,91.93,59.666666666666664,91.93,362550,-0.0105292460863299,0.9807692307692308,-6267.0,-9267.0,6714.0,0.0,1840.3553299492385,0.0,0.0,3943.7615577069505,maintain,0,0.0,-0.0,0,0.0,-0.0,1,0.0,-5.5813953488372094,0,0.0,-0.0,0,0.0,-0.0,0,0.0,-0.0,0,0.0,-0.0,0
OIL,TPSDKT,ZAF,2013-05-31,112.0,3,91.93,1,27.0,91.93,0.0,91.93,0.0,91.93,3.148148148148148,0.0,46.333333333333336,91.93,48.833333333333336,91.93,362550,-0.0105292460863299,0.9807692307692308,-6267.0,-9267.0,6714.0,0.0,3237.0535714285716,0.0,0.0,3943.7615577069505,maintain,0,0.0,0.0,0,0.0,0.0,1,0.0,3.148148148148148,0,0.0,0.0,0,0.0,0.0,0,0.0,0.0,0,0.0,0.0,0
OIL,TPSDKT,NOR,2013-05-31,345.0,3,91.93,0,2892.0,91.93,0.0,91.93,0.0,91.93,-0.8807053941908713,0.0,1079.0,91.93,539.5,91.93,362550,-0.0105292460863299,0.9807692307692308,-6267.0,-9267.0,6714.0,0.0,1050.8695652173913,0.0,0.0,3943.7615577069505,maintain,0,0.0,-0.0,0,0.0,-0.0,1,0.0,-0.8807053941908713,0,0.0,-0.0,0,0.0,-0.0,0,0.0,-0.0,0,0.0,-0.0,0
OIL,TPSDKT,UKR,2013-05-31,-144.0,3,91.93,1,345.0,91.93,2892.0,91.93,0.0,91.93,-1.417391304347826,0.0,1031.0,91.93,515.5,91.93,362550,-0.0105292460863299,0.9807692307692308,-6267.0,-9267.0,6714.0,0.0,-2517.7083333333335,0.0,0.0,3943.7615577069505,maintain,0,0.0,-0.0,0,0.0,-0.0,1,0.0,-1.417391304347826,0,0.0,-0.0,0,0.0,-0.0,0,0.0,-0.0,0,0.0,-0.0,0
OIL,TPSDKT,PRT,2013-05-31,16.0,3,91.93,0,100.0,91.93,0.0,91.93,0.0,91.93,-0.84,0.0,38.666666666666664,91.93,47.333333333333336,91.93,362550,-0.0105292460863299,0.9807692307692308,-6267.0,-9267.0,6714.0,0.0,22659.375,0.0,0.0,3943.7615577069505,maintain,0,0.0,-0.0,0,0.0,-0.0,1,0.0,-0.84,0,0.0,-0.0,0,0.0,-0.0,0,0.0,-0.0,0,0.0,-0.0,0
OIL,TPSDKT,POL,2013-05-31,-16.0,3,91.93,1,16.0,91.93,100.0,91.93,0.0,91.93,-2.0,0.0,33.333333333333336,91.93,16.666666666666668,91.93,362550,-0.0105292460863299,0.9807692307692308,-6267.0,-9267.0,6714.0,0.0,-22659.375,0.0,0.0,3943.7615577069505,maintain,0,0.0,-0.0,0,0.0,-0.0,1,0.0,-2.0,0,0.0,-0.0,0,0.0,-0.0,0,0.0,-0.0,0,0.0,-0.0,0
OIL,TPSDKT,VEN,2013-05-31,157.0,3,91.93,0,-16.0,91.93,16.0,91.93,100.0,91.93,-10.8125,0.0,52.333333333333336,91.93,42.833333333333336,91.93,362550,-0.0105292460863299,0.9807692307692308,-6267.0,-9267.0,6714.0,0.0,2309.235668789809,0.0,0.0,3943.7615577069505,maintain,0,0.0,-0.0,0,0.0,-0.0,1,0.0,-10.8125,0,0.0,-0.0,0,0.0,-0.0,0,0.0,-0.0,0,0.0,-0.0,0
OIL,TPSDKT,USA,2013-05-31,2687.0,3,91.93,1,157.0,91.93,-16.0,91.93,16.0,91.93,16.11464968152866,0.0,942.6666666666666,91.93,490.6666666666667,91.93,362550,-0.0105292460863299,0.9807692307692308,-6267.0,-9267.0,6714.0,0.0,134.92742835876442,0.0,0.0,3943.7615577069505,maintain,0,0.0,0.0,0,0.0,0.0,1,0.0,16.11464968152866,0,0.0,0.0,0,0.0,0.0,0,0.0,0.0,0,0.0,0.0,0
OIL,TPSDKT,PRT,2014-01-31,-36.0,3,97.55,1,1.0,98.17,-7.0,98.17,187.0,98.17,-37.0,-0.0063155750229194,-14.0,97.96333333333332,5.0,98.06666666666668,326930,-0.0113851131707464,0.3038461538461538,440.0,-5981.0,9513.0,-0.0113851131707464,-9081.388888888889,-3765.0,-3765.0,3351.409533572527,no_event,0,-0.0,-0.0,0,-0.0,-0.0,0,-0.0,-0.0,0,-0.0,-0.0,0,-0.0,-0.0,0,-0.0,-0.0,1,-0.0113851131707464,-37.0,0
OIL,TPSDKT,NZL,2014-01-31,-9.0,3,97.55,0,523.0,97.55,0.0,97.55,-36.0,97.55,-1.017208413001912,0.0,171.33333333333334,97.55,78.66666666666667,97.75666666666666,326930,-0.0113851131707464,0.3038461538461538,440.0,-5981.0,9513.0,0.0,-36325.555555555555,0.0,0.0,3351.409533572527,no_event,0,0.0,-0.0,0,0.0,-0.0,0,0.0,-0.0,0,0.0,-0.0,0,0.0,-0.0,0,0.0,-0.0,1,0.0,-1.017208413001912,0
OIL,TPSDKT,PHL,2014-01-31,-274.0,3,97.55,1,-9.0,97.55,523.0,97.55,0.0,97.55,29.444444444444443,0.0,80.0,97.55,34.166666666666664,97.65333333333336,326930,-0.0113851131707464,0.3038461538461538,440.0,-5981.0,9513.0,0.0,-1193.1751824817518,0.0,0.0,3351.409533572527,no_event,0,0.0,0.0,0,0.0,0.0,0,0.0,0.0,0,0.0,0.0,0,0.0,0.0,0,0.0,0.0,1,0.0,29.444444444444443,0
OIL,TPSDKT,USA,2014-01-31,4799.0,3,97.55,1,316.0,97.55,0.0,97.55,0.0,97.55,14.186708860759492,0.0,1705.0,97.55,888.6666666666666,97.55,326930,-0.0113851131707464,0.3038461538461538,440.0,-5981.0,9513.0,0.0,68.12460929360283,0.0,0.0,3351.409533572527,no_event,0,0.0,0.0,0,0.0,0.0,0,0.0,0.0,0,0.0,0.0,0,0.0,0.0,0,0.0,0.0,1,0.0,14.186708860759492,0
OIL,TPSDKT,SGP,2014-01-31,3056.0,3,97.55,1,-96.0,97.55,0.0,97.55,0.0,97.55,-32.83333333333333,0.0,986.6666666666666,97.55,487.0,97.55,326930,-0.0113851131707464,0.3038461538461538,440.0,-5981.0,9513.0,0.0,106.97971204188482,0.0,0.0,3351.409533572527,no_event,0,0.0,-0.0,0,0.0,-0.0,0,0.0,-0.0,0,0.0,-0.0,0,0.0,-0.0,0,0.0,-0.0,1,0.0,-32.83333333333333,0
OIL,TPSDKT,QAT,2014-01-31,-35.0,3,97.55,0,3056.0,97.55,-96.0,97.55,0.0,97.55,-1.011452879581152,0.0,975.0,97.55,481.1666666666667,97.55,326930,-0.0113851131707464,0.3038461538461538,440.0,-5981.0,9513.0,0.0,-9340.857142857143,0.0,0.0,3351.409533572527,no_event,0,0.0,-0.0,0,0.0,-0.0,0,0.0,-0.0,0,0.0,-0.0,0,0.0,-0.0,0,0.0,-0.0,1,0.0,-1.011452879581152,0
OIL,TPSDKT,SVK,2014-01-31,5.0,3,97.55,0,-35.0,97.55,3056.0,97.55,-96.0,97.55,-1.1428571428571428,0.0,1008.6666666666666,97.55,488.3333333333333,97.55,326930,-0.0113851131707464,0.3038461538461538,440.0,-5981.0,9513.0,0.0,65386.0,0.0,0.0,3351.409533572527,no_event,0,0.0,-0.0,0,0.0,-0.0,0,0.0,-0.0,0,0.0,-0.0,0,0.0,-0.0,0,0.0,-0.0,1,0.0,-1.1428571428571428,0
OIL,TPSDKT,SGP,2014-02-28,3477.0,3,102.88,1,229.0,102.88,0.0,97.55,0.0,97.55,14.183406113537115,0.0,1235.3333333333333,101.10333333333334,612.6666666666666,99.32666666666668,332453,0.0168935246077142,0.4115384615384615,1429.0,1361.0,8229.0,0.0,95.61489790048893,0.0,-5523.0,3231.463841368585,no_event,0,0.0,0.0,0,0.0,0.0,0,0.0,0.0,0,0.0,0.0,0,0.0,0.0,0,0.0,0.0,1,0.0,14.183406113537115,0
OIL,TPSDKT,NOR,2014-02-28,354.0,3,102.88,0,3477.0,102.88,229.0,102.88,0.0,97.55,-0.8981880931837791,0.0,1353.3333333333333,102.88,677.5,100.215,332453,0.0168935246077142,0.4115384615384615,1429.0,1361.0,8229.0,0.0,939.132768361582,0.0,0.0,3231.463841368585,no_event,0,0.0,-0.0,0,0.0,-0.0,0,0.0,-0.0,0,0.0,-0.0,0,0.0,-0.0,0,0.0,-0.0,1,0.0,-0.8981880931837791,0
OIL,TPSDKT,ZAF,2014-02-28,211.0,3,102.88,0,3506.0,102.88,0.0,102.88,0.0,102.88,-0.939817455790074,0.0,1239.0,102.88,614.6666666666666,102.88,332453,0.0168935246077142,0.4115384615384615,1429.0,1361.0,8229.0,0.0,1575.60663507109,0.0,0.0,3231.463841368585,no_event,0,0.0,-0.0,0,0.0,-0.0,0,0.0,-0.0,0,0.0,-0.0,0,0.0,-0.0,0,0.0,-0.0,1,0.0,-0.939817455790074,0
OIL,TPSDKT,TUN,2014-02-28,-73.0,3,102.88,1,145.0,102.88,0.0,102.88,0.0,102.88,-1.5034482758620689,0.0,24.0,102.88,-23.5,102.88,332453,0.0168935246077142,0.4115384615384615,1429.0,1361.0,8229.0,0.0,-4554.1506849315065,0.0,0.0,3231.463841368585,no_event,0,0.0,-0.0,0,0.0,-0.0,0,0.0,-0.0,0,0.0,-0.0,0,0.0,-0.0,0,0.0,-0.0,1,0.0,-1.5034482758620689,0
OIL,TPSDKT,SWE,2014-02-28,87.0,3,102.88,0,-73.0,102.88,145.0,102.88,0.0,102.88,-2.191780821917808,0.0,53.0,102.88,-9.0,102.88,332453,0.0168935246077142,0.4115384615384615,1429.0,1361.0,8229.0,0.0,3821.298850574713,0.0,0.0,3231.463841368585,no_event,0,0.0,-0.0,0,0.0,-0.0,0,0.0,-0.0,0,0.0,-0.0,0,0.0,-0.0,0,0.0,-0.0,1,0.0,-2.191780821917808,0
OIL,TPSDKT,NZL,2014-02-28,6.0,3,102.88,0,87.0,102.88,-73.0,102.88,145.0,102.88,-0.9310344827586208,0.0,6.666666666666667,102.88,27.5,102.88,332453,0.0168935246077142,0.4115384615384615,1429.0,1361.0,8229.0,0.0,55408.833333333336,0.0,0.0,3231.463841368585,no_event,0,0.0,-0.0,0,0.0,-0.0,0,0.0,-0.0,0,0.0,-0.0,0,0.0,-0.0,0,0.0,-0.0,1,0.0,-0.9310344827586208,0
OIL,TPSDKT,PER,2014-02-28,20.0,3,102.88,0,6.0,102.88,87.0,102.88,-73.0,102.88,2.3333333333333335,0.0,37.666666666666664,102.88,30.833333333333332,102.88,332453,0.0168935246077142,0.4115384615384615,1429.0,1361.0,8229.0,0.0,16622.65,0.0,0.0,3231.463841368585,no_event,0,0.0,0.0,0,0.0,0.0,0,0.0,0.0,0,0.0,0.0,0,0.0,0.0,0,0.0,0.0,1,0.0,2.3333333333333335,0
OIL,TPSDKT,VEN,2014-10-31,221.0,3,80.53,0,-120.0,91.17,3454.0,91.17,0.0,91.17,-2.841666666666667,-0.1167050564878797,1185.0,87.62333333333333,592.5,89.39666666666666,348935,0.0721122086860337,0.7846153846153846,460.0,-1601.0,9202.0,0.0721122086860337,1578.8914027149322,23470.0,23470.0,4332.981497578542,no_event,0,0.0,-0.0,0,0.0,-0.0,0,0.0,-0.0,0,0.0,-0.0,0,0.0,-0.0,0,0.0,-0.0,1,0.0721122086860337,-2.841666666666667,0
OIL,TPSDKT,NZL,2014-10-31,49.0,3,80.53,1,-6.0,80.53,0.0,80.53,0.0,80.53,-9.166666666666666,0.0,14.333333333333334,80.53,24.0,82.30333333333333,348935,0.0721122086860337,0.7846153846153846,460.0,-1601.0,9202.0,0.0,7121.122448979592,0.0,0.0,4332.981497578542,no_event,0,0.0,-0.0,0,0.0,-0.0,0,0.0,-0.0,0,0.0,-0.0,0,0.0,-0.0,0,0.0,-0.0,1,0.0,-9.166666666666666,0
OIL,TPSDKT,UKR,2014-10-31,7.0,3,80.53,0,239.0,80.53,0.0,80.53,0.0,80.53,-0.9707112970711296,0.0,82.0,80.53,24.833333333333332,80.53,348935,0.0721122086860337,0.7846153846153846,460.0,-1601.0,9202.0,0.0,49847.857142857145,0.0,0.0,4332.981497578542,no_event,0,0.0,-0.0,0,0.0,-0.0,0,0.0,-0.0,0,0.0,-0.0,0,0.0,-0.0,0,0.0,-0.0,1,0.0,-0.9707112970711296,0
OIL,TPSDKT,ZAF,2014-10-31,74.0,3,80.53,0,7.0,80.53,239.0,80.53,0.0,80.53,9.571428571428571,0.0,106.66666666666669,80.53,53.333333333333336,80.53,348935,0.0721122086860337,0.7846153846153846,460.0,-1601.0,9202.0,0.0,4715.3378378378375,0.0,0.0,4332.981497578542,no_event,0,0.0,0.0,0,0.0,0.0,0,0.0,0.0,0,0.0,0.0,0,0.0,0.0,0,0.0,0.0,1,0.0,9.571428571428571,0
OIL,TPSDKT,PER,2014-10-31,153.0,3,80.53,1,74.0,80.53,7.0,80.53,239.0,80.53,1.0675675675675675,0.0,78.0,80.53,78.83333333333333,80.53,348935,0.0721122086860337,0.7846153846153846,460.0,-1601.0,9202.0,0.0,2280.62091503268,0.0,0.0,4332.981497578542,no_event,0,0.0,0.0,0,0.0,0.0,0,0.0,0.0,0,0.0,0.0,0,0.0,0.0,0,0.0,0.0,1,0.0,1.0675675675675675,0
OIL,TPSDKT,THA,2014-10-31,400.0,3,80.53,0,4879.0,80.53,0.0,80.53,0.0,80.53,-0.918015986882558,0.0,1759.6666666666667,80.53,879.8333333333334,80.53,348935,0.0721122086860337,0.7846153846153846,460.0,-1601.0,9202.0,0.0,872.3375,0.0,0.0,4332.981497578542,no_event,0,0.0,-0.0,0,0.0,-0.0,0,0.0,-0.0,0,0.0,-0.0,0,0.0,-0.0,0,0.0,-0.0,1,0.0,-0.918015986882558,0
OIL,TPSDKT,NOR,2014-10-31,117.0,3,80.53,0,400.0,80.53,4879.0,80.53,0.0,80.53,-0.7075,0.0,1798.6666666666667,80.53,899.3333333333334,80.53,348935,0.0721122086860337,0.7846153846153846,460.0,-1601.0,9202.0,0.0,2982.3504273504273,0.0,0.0,4332.981497578542,no_event,0,0.0,-0.0,0,0.0,-0.0,0,0.0,-0.0,0,0.0,-0.0,0,0.0,-0.0,0,0.0,-0.0,1,0.0,-0.7075,0
OIL,TPSDKT,SWE,2014-10-31,-189.0,3,80.53,0,-305.0,80.53,0.0,80.53,0.0,80.53,-0.380327868852459,0.0,-164.66666666666666,80.53,-62.833333333333336,80.53,348935,0.0721122086860337,0.7846153846153846,460.0,-1601.0,9202.0,0.0,-1846.2169312169312,0.0,0.0,4332.981497578542,no_event,0,0.0,-0.0,0,0.0,-0.0,0,0.0,-0.0,0,0.0,-0.0,0,0.0,-0.0,0,0.0,-0.0,1,0.0,-0.380327868852459,0
OIL,TPSDKT,TWN,2014-10-31,141.0,3,80.53,0,-68.0,80.53,0.0,80.53,-189.0,80.53,-3.073529411764706,0.0,24.333333333333332,80.53,-70.16666666666667,80.53,348935,0.0721122086860337,0.7846153846153846,460.0,-1601.0,9202.0,0.0,2474.7163120567375,0.0,0.0,4332.981497578542,no_event,0,0.0,-0.0,0,0.0,-0.0,0,0.0,-0.0,0,0.0,-0.0,0,0.0,-0.0,0,0.0,-0.0,1,0.0,-3.073529411764706,0
OIL,TPSDKT,USA,2014-10-31,3585.0,3,80.53,1,141.0,80.53,-68.0,80.53,0.0,80.53,24.425531914893615,0.0,1219.3333333333333,80.53,527.3333333333334,80.53,348935,0.0721122086860337,0.7846153846153846,460.0,-1601.0,9202.0,0.0,97.33193863319386,0.0,0.0,4332.981497578542,no_event,0,0.0,0.0,0,0.0,0.0,0,0.0,0.0,0,0.0,0.0,0,0.0,0.0,0,0.0,0.0,1,0.0,24.425531914893615,0
OIL,TPSDKT,USA,2015-07-31,1970.0,3,47.11,1,1.0,59.48,0.0,59.48,0.0,59.48,1969.0,-0.2079690652320107,657.0,55.35666666666667,323.6666666666667,57.41833333333332,423226,-0.0230758754729089,0.9230769230769232,-4407.0,-204.0,8183.0,-0.0230758754729089,214.83553299492385,-9997.0,-9997.0,8983.782636382934,no_event,0,-0.0,0.0,0,-0.0,0.0,0,-0.0,0.0,0,-0.0,0.0,0,-0.0,0.0,0,-0.0,0.0,1,-0.0230758754729089,1969.0,0
OIL,TPSDKT,TWN,2015-07-31,67.0,3,47.11,1,-24.0,47.11,0.0,47.11,224.0,47.11,-3.7916666666666665,0.0,14.333333333333334,47.11,44.5,47.11,423226,-0.0230758754729089,0.9230769230769232,-4407.0,-204.0,8183.0,0.0,6316.805970149254,0.0,0.0,8983.782636382934,no_event,0,0.0,-0.0,0,0.0,-0.0,0,0.0,-0.0,0,0.0,-0.0,0,0.0,-0.0,0,0.0,-0.0,1,0.0,-3.7916666666666665,0
OIL,TPSDKT,UKR,2015-07-31,20.0,3,47.11,0,67.0,47.11,-24.0,47.11,0.0,47.11,-0.7014925373134329,0.0,21.0,47.11,47.833333333333336,47.11,423226,-0.0230758754729089,0.9230769230769232,-4407.0,-204.0,8183.0,0.0,21161.3,0.0,0.0,8983.782636382934,no_event,0,0.0,-0.0,0,0.0,-0.0,0,0.0,-0.0,0,0.0,-0.0,0,0.0,-0.0,0,0.0,-0.0,1,0.0,-0.7014925373134329,0
OIL,TPSDKT,SGP,2015-07-31,4653.0,3,47.11,1,620.0,47.11,0.0,47.11,20.0,47.11,6.504838709677419,0.0,1757.6666666666667,47.11,889.3333333333334,47.11,423226,-0.0230758754729089,0.9230769230769232,-4407.0,-204.0,8183.0,0.0,90.95766172361915,0.0,0.0,8983.782636382934,no_event,0,0.0,0.0,0,0.0,0.0,0,0.0,0.0,0,0.0,0.0,0,0.0,0.0,0,0.0,0.0,1,0.0,6.504838709677419,0
OIL,TPSDKT,PHL,2015-07-31,91.0,3,47.11,0,153.0,47.11,0.0,47.11,0.0,47.11,-0.4052287581699346,0.0,81.33333333333333,47.11,40.666666666666664,47.11,423226,-0.0230758754729089,0.9230769230769232,-4407.0,-204.0,8183.0,0.0,4650.8351648351645,0.0,0.0,8983.782636382934,no_event,0,0.0,-0.0,0,0.0,-0.0,0,0.0,-0.0,0,0.0,-0.0,0,0.0,-0.0,0,0.0,-0.0,1,0.0,-0.4052287581699346,0
OIL,TPSDKT,NZL,2015-07-31,-26.0,3,47.11,1,91.0,47.11,153.0,47.11,0.0,47.11,-1.2857142857142856,0.0,72.66666666666667,47.11,36.333333333333336,47.11,423226,-0.0230758754729089,0.9230769230769232,-4407.0,-204.0,8183.0,0.0,-16277.923076923076,0.0,0.0,8983.782636382934,no_event,0,0.0,-0.0,0,0.0,-0.0,0,0.0,-0.0,0,0.0,-0.0,0,0.0,-0.0,0,0.0,-0.0,1,0.0,-1.2857142857142856,0
OIL,TPSDKT,QAT,2015-07-31,-98.0,3,47.11,1,17.0,47.11,0.0,47.11,-103.0,47.11,-6.764705882352941,0.0,-27.0,47.11,-30.666666666666668,47.11,423226,-0.0230758754729089,0.9230769230769232,-4407.0,-204.0,8183.0,0.0,-4318.632653061224,0.0,0.0,8983.782636382934,no_event,0,0.0,-0.0,0,0.0,-0.0,0,0.0,-0.0,0,0.0,-0.0,0,0.0,-0.0,0,0.0,-0.0,1,0.0,-6.764705882352941,0
OIL,TPSDKT,PRT,2016-09-30,86.0,3,47.72,0,-35.0,44.68,0.0,44.68,0.0,44.68,-3.4571428571428573,0.0680393912264996,17.0,45.693333333333335,6.166666666666667,45.18666666666667,469108,-0.0527625101466365,0.8653846153846154,-2976.0,-1094.0,6648.0,-0.0527625101466365,5454.7441860465115,-26130.0,-26130.0,9830.427493713329,no_event,0,-0.0,-0.0,0,-0.0,-0.0,0,-0.0,-0.0,0,-0.0,-0.0,0,-0.0,-0.0,0,-0.0,-0.0,1,-0.0527625101466365,-3.4571428571428573,0
OIL,TPSDKT,QAT,2016-09-30,-302.0,3,47.72,1,280.0,47.72,0.0,47.72,-146.0,47.72,-2.0785714285714283,0.0,-7.333333333333333,47.72,5.166666666666667,47.72,469108,-0.0527625101466365,0.8653846153846154,-2976.0,-1094.0,6648.0,0.0,-1553.3377483443708,0.0,0.0,9830.427493713329,no_event,0,0.0,-0.0,0,0.0,-0.0,0,0.0,-0.0,0,0.0,-0.0,0,0.0,-0.0,0,0.0,-0.0,1,0.0,-2.0785714285714283,0
OIL,TPSDKT,NZL,2016-09-30,-37.0,3,47.72,0,184.0,47.72,0.0,47.72,45.0,47.72,-1.2010869565217392,0.0,49.0,47.72,32.0,47.72,469108,-0.0527625101466365,0.8653846153846154,-2976.0,-1094.0,6648.0,0.0,-12678.594594594597,0.0,0.0,9830.427493713329,no_event,0,0.0,-0.0,0,0.0,-0.0,0,0.0,-0.0,0,0.0,-0.0,0,0.0,-0.0,0,0.0,-0.0,1,0.0,-1.2010869565217392,0
OIL,TPSDKT,SWE,2016-09-30,-76.0,3,47.72,1,-37.0,47.72,184.0,47.72,0.0,47.72,1.054054054054054,0.0,23.666666666666668,47.72,19.333333333333332,47.72,469108,-0.0527625101466365,0.8653846153846154,-2976.0,-1094.0,6648.0,0.0,-6172.473684210527,0.0,0.0,9830.427493713329,no_event,0,0.0,0.0,0,0.0,0.0,0,0.0,0.0,0,0.0,0.0,0,0.0,0.0,0,0.0,0.0,1,0.0,1.054054054054054,0
OIL,TPSDKT,POL,2016-09-30,-58.0,3,47.72,0,-76.0,47.72,-37.0,47.72,184.0,47.72,-0.2368421052631578,0.0,-57.0,47.72,9.666666666666666,47.72,469108,-0.0527625101466365,0.8653846153846154,-2976.0,-1094.0,6648.0,0.0,-8088.068965517241,0.0,0.0,9830.427493713329,no_event,0,0.0,-0.0,0,0.0,-0.0,0,0.0,-0.0,0,0.0,-0.0,0,0.0,-0.0,0,0.0,-0.0,1,0.0,-0.2368421052631578,0
OIL,TPSDKT,THA,2016-09-30,637.0,3,47.72,0,20.0,47.72,0.0,47.72,4004.0,47.72,30.85,0.0,219.0,47.72,776.8333333333334,47.72,469108,-0.0527625101466365,0.8653846153846154,-2976.0,-1094.0,6648.0,0.0,736.4332810047096,0.0,0.0,9830.427493713329,no_event,0,0.0,0.0,0,0.0,0.0,0,0.0,0.0,0,0.0,0.0,0,0.0,0.0,0,0.0,0.0,1,0.0,30.85,0
OIL,TPSDKT,SGP,2016-09-30,1712.0,3,47.72,1,637.0,47.72,20.0,47.72,0.0,47.72,1.6875981161695446,0.0,789.6666666666666,47.72,1062.1666666666667,47.72,469108,-0.0527625101466365,0.8653846153846154,-2976.0,-1094.0,6648.0,0.0,274.0116822429907,0.0,0.0,9830.427493713329,no_event,0,0.0,0.0,0,0.0,0.0,0,0.0,0.0,0,0.0,0.0,0,0.0,0.0,0,0.0,0.0,1,0.0,1.6875981161695446,0
OIL,TPSDKT,PER,2017-03-31,303.0,3,50.54,1,203.0,50.54,0.0,54.0,0.0,54.0,0.4926108374384237,0.0,168.66666666666666,51.693333333333335,84.33333333333333,52.846666666666664,535543,0.029526090767882,1.0,1566.0,699.0,8427.0,0.0,1767.4686468646864,0.0,-15359.0,10596.418678274636,no_event,0,0.0,0.0,0,0.0,0.0,0,0.0,0.0,0,0.0,0.0,0,0.0,0.0,0,0.0,0.0,1,0.0,0.4926108374384237,0
OIL,TPSDKT,PRT,2017-03-31,28.0,3,50.54,0,303.0,50.54,203.0,50.54,0.0,54.0,-0.9075907590759076,0.0,178.0,50.54,89.0,52.27,535543,0.029526090767882,1.0,1566.0,699.0,8427.0,0.0,19126.535714285714,0.0,0.0,10596.418678274636,no_event,0,0.0,-0.0,0,0.0,-0.0,0,0.0,-0.0,0,0.0,-0.0,0,0.0,-0.0,0,0.0,-0.0,1,0.0,-0.9075907590759076,0
OIL,TPSDKT,UKR,2017-03-31,142.0,3,50.54,0,4164.0,50.54,0.0,50.54,673.0,50.54,-0.9658981748318924,0.0,1435.3333333333333,50.54,829.8333333333334,50.54,535543,0.029526090767882,1.0,1566.0,699.0,8427.0,0.0,3771.429577464789,0.0,0.0,10596.418678274636,no_event,0,0.0,-0.0,0,0.0,-0.0,0,0.0,-0.0,0,0.0,-0.0,0,0.0,-0.0,0,0.0,-0.0,1,0.0,-0.9658981748318924,0
OIL,TPSDKT,TWN,2017-03-31,-61.0,3,50.54,1,142.0,50.54,4164.0,50.54,0.0,50.54,-1.4295774647887325,0.0,1415.0,50.54,819.6666666666666,50.54,535543,0.029526090767882,1.0,1566.0,699.0,8427.0,0.0,-8779.393442622952,0.0,0.0,10596.418678274636,no_event,0,0.0,-0.0,0,0.0,-0.0,0,0.0,-0.0,0,0.0,-0.0,0,0.0,-0.0,0,0.0,-0.0,1,0.0,-1.4295774647887325,0
OIL,TPSDKT,NOR,2017-03-31,332.0,3,50.54,0,-65.0,50.54,0.0,50.54,0.0,50.54,-6.107692307692307,0.0,89.0,50.54,26.833333333333332,50.54,535543,0.029526090767882,1.0,1566.0,699.0,8427.0,0.0,1613.0813253012047,0.0,0.0,10596.418678274636,no_event,0,0.0,-0.0,0,0.0,-0.0,0,0.0,-0.0,0,0.0,-0.0,0,0.0,-0.0,0,0.0,-0.0,1,0.0,-6.107692307692307,0
OIL,TPSDKT,ZAF,2017-06-30,-160.0,3,46.02,1,3031.0,46.02,0.0,46.02,2318.0,48.29,-1.0527878587924775,0.0,957.0,46.02,864.8333333333334,47.155,502914,-0.0137239366792701,0.8846153846153846,-6299.0,-6417.0,-4208.0,0.0,-3143.2125,0.0,0.0,10928.161668839632,no_event,0,0.0,-0.0,0,0.0,-0.0,0,0.0,-0.0,0,0.0,-0.0,0,0.0,-0.0,0,0.0,-0.0,1,0.0,-1.0527878587924775,0
OIL,TPSDKT,THA,2017-06-30,611.0,3,46.02,0,-160.0,46.02,3031.0,46.02,0.0,46.02,-4.81875,0.0,1160.6666666666667,46.02,966.6666666666666,46.77666666666667,502914,-0.0137239366792701,0.8846153846153846,-6299.0,-6417.0,-4208.0,0.0,823.0998363338789,0.0,0.0,10928.161668839632,no_event,0,0.0,-0.0,0,0.0,-0.0,0,0.0,-0.0,0,0.0,-0.0,0,0.0,-0.0,0,0.0,-0.0,1,0.0,-4.81875,0
OIL,TPSDKT,PHL,2017-06-30,-22.0,3,46.02,0,611.0,46.02,-160.0,46.02,3031.0,46.02,-1.0360065466448445,0.0,143.0,46.02,963.0,46.39833333333334,502914,-0.0137239366792701,0.8846153846153846,-6299.0,-6417.0,-4208.0,0.0,-22859.727272727272,0.0,0.0,10928.161668839632,no_event,0,0.0,-0.0,0,0.0,-0.0,0,0.0,-0.0,0,0.0,-0.0,0,0.0,-0.0,0,0.0,-0.0,1,0.0,-1.0360065466448445,0
OIL,TPSDKT,NOR,2017-06-30,-206.0,3,46.02,1,121.0,46.02,0.0,46.02,0.0,46.02,-2.7024793388429753,0.0,-28.333333333333332,46.02,19.166666666666668,46.02,502914,-0.0137239366792701,0.8846153846153846,-6299.0,-6417.0,-4208.0,0.0,-2441.330097087379,0.0,0.0,10928.161668839632,no_event,0,0.0,-0.0,0,0.0,-0.0,0,0.0,-0.0,0,0.0,-0.0,0,0.0,-0.0,0,0.0,-0.0,1,0.0,-2.7024793388429753,0
OIL,TPSDKT,ZAF,2018-08-31,-161.0,3,69.84,1,1078.0,69.84,0.0,69.84,0.0,69.88,-1.1493506493506491,0.0,305.6666666666667,69.84,182.0,69.86,401490,-0.0177374370015168,0.2961538461538461,-4302.0,-1736.0,9704.0,0.0,-2493.726708074534,0.0,0.0,5748.711340206185,no_event,0,0.0,-0.0,0,0.0,-0.0,0,0.0,-0.0,0,0.0,-0.0,0,0.0,-0.0,0,0.0,-0.0,1,0.0,-1.1493506493506491,0
OIL,TPSDKT,SGP,2018-08-31,1841.0,3,69.84,1,-161.0,69.84,1078.0,69.84,0.0,69.84,-12.434782608695652,0.0,919.3333333333334,69.84,488.8333333333333,69.85333333333334,401490,-0.0177374370015168,0.2961538461538461,-4302.0,-1736.0,9704.0,0.0,218.0825638240087,0.0,0.0,5748.711340206185,no_event,0,0.0,-0.0,0,0.0,-0.0,0,0.0,-0.0,0,0.0,-0.0,0,0.0,-0.0,0,0.0,-0.0,1,0.0,-12.434782608695652,0
OIL,TPSDKT,PRT,2018-08-31,-3.0,3,69.84,0,-44.0,69.84,0.0,69.84,0.0,69.84,-0.931818181818182,0.0,-15.666666666666666,69.84,-7.833333333333333,69.84,401490,-0.0177374370015168,0.2961538461538461,-4302.0,-1736.0,9704.0,0.0,-133830.0,0.0,0.0,5748.711340206185,no_event,0,0.0,-0.0,0,0.0,-0.0,0,0.0,-0.0,0,0.0,-0.0,0,0.0,-0.0,0,0.0,-0.0,1,0.0,-0.931818181818182,0
OIL,TPSDKT,USA,2018-08-31,6210.0,3,69.84,1,-3.0,69.84,-44.0,69.84,0.0,69.84,-2071.0,0.0,2054.3333333333335,69.84,1027.1666666666667,69.84,401490,-0.0177374370015168,0.2961538461538461,-4302.0,-1736.0,9704.0,0.0,64.65217391304348,0.0,0.0,5748.711340206185,no_event,0,0.0,-0.0,0,0.0,-0.0,0,0.0,-0.0,0,0.0,-0.0,0,0.0,-0.0,0,0.0,-0.0,1,0.0,-2071.0,0
OIL,TPSDKT,NOR,2018-08-31,421.0,3,69.84,1,24.0,69.84,0.0,69.84,0.0,69.84,16.541666666666668,0.0,148.33333333333334,69.84,84.33333333333333,69.84,401490,-0.0177374370015168,0.2961538461538461,-4302.0,-1736.0,9704.0,0.0,953.6579572446556,0.0,0.0,5748.711340206185,no_event,0,0.0,0.0,0,0.0,0.0,0,0.0,0.0,0,0.0,0.0,0,0.0,0.0,0,0.0,0.0,1,0.0,16.541666666666668,0
OIL,TPSDKT,PER,2018-08-31,389.0,3,69.84,1,-7.0,69.84,0.0,69.84,0.0,69.84,-56.57142857142857,0.0,127.33333333333331,69.84,63.666666666666664,69.84,401490,-0.0177374370015168,0.2961538461538461,-4302.0,-1736.0,9704.0,0.0,1032.1079691516709,0.0,0.0,5748.711340206185,no_event,0,0.0,-0.0,0,0.0,-0.0,0,0.0,-0.0,0,0.0,-0.0,0,0.0,-0.0,0,0.0,-0.0,1,0.0,-56.57142857142857,0
OIL,TPSDKT,SWE,2018-11-30,63.0,3,50.78,0,123.0,50.78,0.0,50.78,0.0,50.78,-0.4878048780487805,0.0,62.0,50.78,31.0,50.78,443162,0.040276617120966,0.5269230769230769,-7323.0,-10900.0,9769.0,0.0,7034.31746031746,0.0,0.0,8727.097282394643,no_event,0,0.0,-0.0,0,0.0,-0.0,0,0.0,-0.0,0,0.0,-0.0,0,0.0,-0.0,0,0.0,-0.0,1,0.0,-0.4878048780487805,0
OIL,TPSDKT,TWN,2018-11-30,-56.0,3,50.78,1,1038.0,50.78,0.0,50.78,0.0,50.78,-1.0539499036608864,0.0,327.3333333333333,50.78,160.66666666666666,50.78,443162,0.040276617120966,0.5269230769230769,-7323.0,-10900.0,9769.0,0.0,-7913.607142857143,0.0,0.0,8727.097282394643,no_event,0,0.0,-0.0,0,0.0,-0.0,0,0.0,-0.0,0,0.0,-0.0,0,0.0,-0.0,0,0.0,-0.0,1,0.0,-1.0539499036608864,0
OIL,TPSDKT,NZL,2018-11-30,30.0,3,50.78,0,-56.0,50.78,1038.0,50.78,0.0,50.78,-1.5357142857142856,0.0,337.3333333333333,50.78,165.66666666666666,50.78,443162,0.040276617120966,0.5269230769230769,-7323.0,-10900.0,9769.0,0.0,14772.066666666668,0.0,0.0,8727.097282394643,no_event,0,0.0,-0.0,0,0.0,-0.0,0,0.0,-0.0,0,0.0,-0.0,0,0.0,-0.0,0,0.0,-0.0,1,0.0,-1.5357142857142856,0
OIL,TPSDKT,USA,2018-11-30,5327.0,3,50.78,1,-18.0,50.78,0.0,50.78,0.0,50.78,-296.94444444444446,0.0,1769.6666666666667,50.78,871.3333333333334,50.78,443162,0.040276617120966,0.5269230769230769,-7323.0,-10900.0,9769.0,0.0,83.19166510230899,0.0,0.0,8727.097282394643,no_event,0,0.0,-0.0,0,0.0,-0.0,0,0.0,-0.0,0,0.0,-0.0,0,0.0,-0.0,0,0.0,-0.0,1,0.0,-296.94444444444446,0
OIL,TPSDKT,PHL,2018-11-30,59.0,3,50.78,0,5327.0,50.78,-18.0,50.78,0.0,50.78,-0.9889243476628496,0.0,1789.3333333333333,50.78,894.6666666666666,50.78,443162,0.040276617120966,0.5269230769230769,-7323.0,-10900.0,9769.0,0.0,7511.220338983051,0.0,0.0,8727.097282394643,no_event,0,0.0,-0.0,0,0.0,-0.0,0,0.0,-0.0,0,0.0,-0.0,0,0.0,-0.0,0,0.0,-0.0,1,0.0,-0.9889243476628496,0
OIL,TPSDKT,THA,2019-05-31,1252.0,3,53.49,1,-1.0,53.49,0.0,53.49,-9.0,53.49,-1253.0,0.0,417.0,53.49,207.0,53.49,483264,0.0269823425782087,0.7615384615384615,6771.0,7053.0,4172.0,0.0,385.9936102236422,0.0,0.0,9034.660684240043,no_event,0,0.0,-0.0,0,0.0,-0.0,0,0.0,-0.0,0,0.0,-0.0,0,0.0,-0.0,0,0.0,-0.0,1,0.0,-1253.0,0
OIL,TPSDKT,NZL,2019-05-31,18.0,3,53.49,0,1252.0,53.49,-1.0,53.49,0.0,53.49,-0.9856230031948882,0.0,423.0,53.49,210.0,53.49,483264,0.0269823425782087,0.7615384615384615,6771.0,7053.0,4172.0,0.0,26848.0,0.0,0.0,9034.660684240043,no_event,0,0.0,-0.0,0,0.0,-0.0,0,0.0,-0.0,0,0.0,-0.0,0,0.0,-0.0,0,0.0,-0.0,1,0.0,-0.9856230031948882,0
OIL,TPSDKT,UKR,2019-05-31,76.0,3,53.49,0,155.0,53.49,0.0,53.49,18.0,53.49,-0.5096774193548388,0.0,77.0,53.49,250.0,53.49,483264,0.0269823425782087,0.7615384615384615,6771.0,7053.0,4172.0,0.0,6358.736842105263,0.0,0.0,9034.660684240043,no_event,0,0.0,-0.0,0,0.0,-0.0,0,0.0,-0.0,0,0.0,-0.0,0,0.0,-0.0,0,0.0,-0.0,1,0.0,-0.5096774193548388,0
OIL,TPSDKT,SGP,2019-05-31,2453.0,3,53.49,1,-275.0,53.49,0.0,53.49,76.0,53.49,-9.92,0.0,726.0,53.49,401.5,53.49,483264,0.0269823425782087,0.7615384615384615,6771.0,7053.0,4172.0,0.0,197.00937627395027,0.0,0.0,9034.660684240043,no_event,0,0.0,-0.0,0,0.0,-0.0,0,0.0,-0.0,0,0.0,-0.0,0,0.0,-0.0,0,0.0,-0.0,1,0.0,-9.92,0
OIL,TPSDKT,PRT,2019-05-31,-28.0,3,53.49,1,152.0,53.49,0.0,53.49,0.0,53.49,-1.1842105263157894,0.0,41.333333333333336,53.49,429.5,53.49,483264,0.0269823425782087,0.7615384615384615,6771.0,7053.0,4172.0,0.0,-17259.428571428572,0.0,0.0,9034.660684240043,no_event,0,0.0,-0.0,0,0.0,-0.0,0,0.0,-0.0,0,0.0,-0.0,0,0.0,-0.0,0,0.0,-0.0,1,0.0,-1.1842105263157894,0
OIL,TPSDKT,ZAF,2019-05-31,-27.0,3,53.49,0,-28.0,53.49,152.0,53.49,0.0,53.49,-0.0357142857142857,0.0,32.333333333333336,53.49,16.166666666666668,53.49,483264,0.0269823425782087,0.7615384615384615,6771.0,7053.0,4172.0,0.0,-17898.666666666668,0.0,0.0,9034.660684240043,no_event,0,0.0,-0.0,0,0.0,-0.0,0,0.0,-0.0,0,0.0,-0.0,0,0.0,-0.0,0,0.0,-0.0,1,0.0,-0.0357142857142857,0
OIL,TPSDKT,NOR,2019-05-31,82.0,3,53.49,0,150.0,53.49,0.0,53.49,0.0,53.49,-0.4533333333333333,0.0,77.33333333333333,53.49,38.666666666666664,53.49,483264,0.0269823425782087,0.7615384615384615,6771.0,7053.0,4172.0,0.0,5893.463414634146,0.0,0.0,9034.660684240043,no_event,0,0.0,-0.0,0,0.0,-0.0,0,0.0,-0.0,0,0.0,-0.0,0,0.0,-0.0,0,0.0,-0.0,1,0.0,-0.4533333333333333,0
OIL,TPSDKT,TUR,2019-05-31,-4.0,3,53.49,1,82.0,53.49,150.0,53.49,0.0,53.49,-1.048780487804878,0.0,76.0,53.49,38.0,53.49,483264,0.0269823425782087,0.7615384615384615,6771.0,7053.0,4172.0,0.0,-120816.0,0.0,0.0,9034.660684240043,no_event,0,0.0,-0.0,0,0.0,-0.0,0,0.0,-0.0,0,0.0,-0.0,0,0.0,-0.0,0,0.0,-0.0,1,0.0,-1.048780487804878,0
OIL,TPSDKT,TUN,2019-05-31,12.0,3,53.49,0,166.0,53.49,0.0,53.49,0.0,53.49,-0.927710843373494,0.0,59.333333333333336,53.49,42.666666666666664,53.49,483264,0.0269823425782087,0.7615384615384615,6771.0,7053.0,4172.0,0.0,40272.0,0.0,0.0,9034.660684240043,no_event,0,0.0,-0.0,0,0.0,-0.0,0,0.0,-0.0,0,0.0,-0.0,0,0.0,-0.0,0,0.0,-0.0,1,0.0,-0.927710843373494,0
OIL,TPSDKT,ZAF,2020-01-31,-41.0,3,51.58,1,70.0,51.58,0.0,51.58,0.0,51.58,-1.585714285714286,0.0,9.666666666666666,51.58,309.1666666666667,53.173333333333325,435009,0.0118935742598209,0.3076923076923077,3355.0,-193.0,15100.0,0.0,-10609.975609756097,0.0,0.0,8433.675843350136,no_event,0,0.0,-0.0,0,0.0,-0.0,0,0.0,-0.0,0,0.0,-0.0,0,0.0,-0.0,0,0.0,-0.0,1,0.0,-1.585714285714286,0
OIL,TPSDKT,UKR,2020-01-31,64.0,3,51.58,0,265.0,51.58,0.0,51.58,0.0,51.58,-0.7584905660377359,0.0,109.66666666666669,51.58,54.833333333333336,51.58,435009,0.0118935742598209,0.3076923076923077,3355.0,-193.0,15100.0,0.0,6797.015625,0.0,0.0,8433.675843350136,no_event,0,0.0,-0.0,0,0.0,-0.0,0,0.0,-0.0,0,0.0,-0.0,0,0.0,-0.0,0,0.0,-0.0,1,0.0,-0.7584905660377359,0
OIL,TPSDKT,SWE,2020-01-31,329.0,3,51.58,0,64.0,51.58,265.0,51.58,0.0,51.58,4.140625,0.0,219.33333333333337,51.58,109.66666666666669,51.58,435009,0.0118935742598209,0.3076923076923077,3355.0,-193.0,15100.0,0.0,1322.215805471125,0.0,0.0,8433.675843350136,no_event,0,0.0,0.0,0,0.0,0.0,0,0.0,0.0,0,0.0,0.0,0,0.0,0.0,0,0.0,0.0,1,0.0,4.140625,0
OIL,TPSDKT,ROU,2020-01-31,96.0,1,51.58,0,8062.0,51.58,0.0,51.58,0.0,51.58,-0.9880922847928554,0.0,2719.3333333333335,51.58,1359.6666666666667,51.58,435009,0.0118935742598209,0.3076923076923077,3355.0,-193.0,15100.0,0.0,4531.34375,0.0,0.0,8433.675843350136,no_event,0,0.0,-0.0,0,0.0,-0.0,0,0.0,-0.0,0,0.0,-0.0,0,0.0,-0.0,0,0.0,-0.0,1,0.0,-0.9880922847928554,0
OIL,TPSDKT,PER,2020-07-31,165.0,3,40.1,0,8116.0,40.1,0.0,40.1,0.0,40.1,-0.9796697880729424,0.0,2760.3333333333335,40.1,1380.1666666666667,40.1,518596,-0.0279854627788284,0.8923076923076924,-7373.0,3238.0,12707.0,0.0,3143.0060606060606,0.0,0.0,12932.568578553615,no_event,0,0.0,-0.0,0,0.0,-0.0,0,0.0,-0.0,0,0.0,-0.0,0,0.0,-0.0,0,0.0,-0.0,1,0.0,-0.9796697880729424,0
OIL,TPSDKT,THA,2020-07-31,1966.0,3,40.1,1,281.0,40.1,0.0,40.1,0.0,40.1,5.99644128113879,0.0,749.0,40.1,1754.6666666666667,40.1,518596,-0.0279854627788284,0.8923076923076924,-7373.0,3238.0,12707.0,0.0,263.7822990844354,0.0,0.0,12932.568578553615,no_event,0,0.0,0.0,0,0.0,0.0,0,0.0,0.0,0,0.0,0.0,0,0.0,0.0,0,0.0,0.0,1,0.0,5.99644128113879,1
OIL,TPSDKT,PRT,2020-07-31,33.0,3,40.1,0,-59.0,40.1,0.0,40.1,13.0,40.1,-1.559322033898305,0.0,-8.666666666666666,40.1,325.5,40.1,518596,-0.0279854627788284,0.8923076923076924,-7373.0,3238.0,12707.0,0.0,15715.030303030304,0.0,0.0,12932.568578553615,no_event,0,0.0,-0.0,0,0.0,-0.0,0,0.0,-0.0,0,0.0,-0.0,0,0.0,-0.0,0,0.0,-0.0,1,0.0,-1.559322033898305,0
OIL,TPSDKT,SWE,2020-07-31,107.0,3,40.1,1,33.0,40.1,-59.0,40.1,0.0,40.1,2.242424242424242,0.0,27.0,40.1,15.666666666666666,40.1,518596,-0.0279854627788284,0.8923076923076924,-7373.0,3238.0,12707.0,0.0,4846.691588785046,0.0,0.0,12932.568578553615,no_event,0,0.0,0.0,0,0.0,0.0,0,0.0,0.0,0,0.0,0.0,0,0.0,0.0,0,0.0,0.0,1,0.0,2.242424242424242,0
OIL,TPSDKT,PRT,2021-04-30,25.0,3,63.5,0,90.0,63.5,0.0,63.5,-238.0,59.19,-0.7222222222222222,0.0,38.333333333333336,63.5,376.3333333333333,61.345,485117,-0.0333137385794135,0.6269230769230769,-7990.0,-8080.0,6666.0,0.0,19404.68,0.0,0.0,7639.63779527559,no_event,0,0.0,-0.0,0,0.0,-0.0,0,0.0,-0.0,0,0.0,-0.0,0,0.0,-0.0,0,0.0,-0.0,1,0.0,-0.7222222222222222,0
OIL,TPSDKT,TUN,2021-04-30,-49.0,3,63.5,0,-547.0,63.5,0.0,63.5,0.0,63.5,-0.9104204753199268,0.0,-198.66666666666663,63.5,-80.16666666666667,63.5,485117,-0.0333137385794135,0.6269230769230769,-7990.0,-8080.0,6666.0,0.0,-9900.34693877551,0.0,0.0,7639.63779527559,no_event,0,0.0,-0.0,0,0.0,-0.0,0,0.0,-0.0,0,0.0,-0.0,0,0.0,-0.0,0,0.0,-0.0,1,0.0,-0.9104204753199268,0
OIL,TPSDKT,USA,2021-04-30,-700.0,3,63.5,1,-128.0,63.5,0.0,63.5,0.0,63.5,4.46875,0.0,-276.0,63.5,-146.16666666666666,63.5,485117,-0.0333137385794135,0.6269230769230769,-7990.0,-8080.0,6666.0,0.0,-693.0242857142857,0.0,0.0,7639.63779527559,no_event,0,0.0,0.0,0,0.0,0.0,0,0.0,0.0,0,0.0,0.0,0,0.0,0.0,0,0.0,0.0,1,0.0,4.46875,1
OIL,TPSDKT,PHL,2021-04-30,-109.0,3,63.5,0,-700.0,63.5,-128.0,63.5,0.0,63.5,-0.8442857142857143,0.0,-312.3333333333333,63.5,-156.16666666666666,63.5,485117,-0.0333137385794135,0.6269230769230769,-7990.0,-8080.0,6666.0,0.0,-4450.614678899083,0.0,0.0,7639.63779527559,no_event,0,0.0,-0.0,0,0.0,-0.0,0,0.0,-0.0,0,0.0,-0.0,0,0.0,-0.0,0,0.0,-0.0,1,0.0,-0.8442857142857143,0
OIL,TPSDKT,THA,2021-04-30,3952.0,3,63.5,1,3815.0,63.5,0.0,63.5,0.0,63.5,0.0359108781127128,0.0,2589.0,63.5,1294.5,63.5,485117,-0.0333137385794135,0.6269230769230769,-7990.0,-8080.0,6666.0,0.0,122.75227732793522,0.0,0.0,7639.63779527559,no_event,0,0.0,0.0,0,0.0,0.0,0,0.0,0.0,0,0.0,0.0,0,0.0,0.0,0,0.0,0.0,1,0.0,0.0359108781127128,1
OIL,TPSDKT,NZL,2021-04-30,84.0,3,63.5,0,3952.0,63.5,3815.0,63.5,0.0,63.5,-0.978744939271255,0.0,2617.0,63.5,1308.5,63.5,485117,-0.0333137385794135,0.6269230769230769,-7990.0,-8080.0,6666.0,0.0,5775.202380952381,0.0,0.0,7639.63779527559,no_event,0,0.0,-0.0,0,0.0,-0.0,0,0.0,-0.0,0,0.0,-0.0,0,0.0,-0.0,0,0.0,-0.0,1,0.0,-0.978744939271255,0
OIL,TPSDKT,ROU,2021-04-30,113.0,1,63.5,0,270.0,63.5,0.0,63.5,0.0,63.5,-0.5814814814814815,0.0,127.66666666666669,63.5,64.0,63.5,485117,-0.0333137385794135,0.6269230769230769,-7990.0,-8080.0,6666.0,0.0,4293.070796460177,0.0,0.0,7639.63779527559,no_event,0,0.0,-0.0,0,0.0,-0.0,0,0.0,-0.0,0,0.0,-0.0,0,0.0,-0.0,0,0.0,-0.0,1,0.0,-0.5814814814814815,0
OIL,TPSDKT,TUN,2021-12-31,-29.0,3,75.33,1,1671.0,75.33,0.0,75.33,0.0,66.14,-1.017354877318971,0.0,547.3333333333334,75.33,273.6666666666667,70.735,417851,-0.0352334620917039,0.0884615384615384,-2144.0,1432.0,11794.0,0.0,-14408.655172413792,0.0,0.0,5546.940130094252,no_event,0,0.0,-0.0,0,0.0,-0.0,0,0.0,-0.0,0,0.0,-0.0,0,0.0,-0.0,0,0.0,-0.0,1,0.0,-1.017354877318971,0
OIL,TPSDKT,UKR,2021-12-31,363.0,3,75.33,1,123.0,75.33,0.0,75.33,-930.0,75.33,1.951219512195122,0.0,162.0,75.33,-46.0,75.33,417851,-0.0352334620917039,0.0884615384615384,-2144.0,1432.0,11794.0,0.0,1151.1046831955923,0.0,0.0,5546.940130094252,no_event,0,0.0,0.0,0,0.0,0.0,0,0.0,0.0,0,0.0,0.0,0,0.0,0.0,0,0.0,0.0,1,0.0,1.951219512195122,1
OIL,TPSDKT,TWN,2021-12-31,91.0,3,75.33,0,2008.0,75.33,0.0,75.33,0.0,75.33,-0.9546812749003984,0.0,699.6666666666666,75.33,349.8333333333333,75.33,417851,-0.0352334620917039,0.0884615384615384,-2144.0,1432.0,11794.0,0.0,4591.7692307692305,0.0,0.0,5546.940130094252,no_event,0,0.0,-0.0,0,0.0,-0.0,0,0.0,-0.0,0,0.0,-0.0,0,0.0,-0.0,0,0.0,-0.0,1,0.0,-0.9546812749003984,0
OIL,TPSDKT,SWE,2022-09-30,80.0,3,79.91,0,-47.0,79.91,0.0,79.91,-20.0,79.91,-2.702127659574468,0.0,11.0,79.91,2.1666666666666665,79.91,429203,0.0259522022440754,0.3461538461538461,-1356.0,-1141.0,1899.0,0.0,5365.0375,0.0,0.0,5371.079964960581,no_event,0,0.0,-0.0,0,0.0,-0.0,0,0.0,-0.0,0,0.0,-0.0,0,0.0,-0.0,0,0.0,-0.0,1,0.0,-2.702127659574468,1
OIL,TPSDKT,SGP,2022-09-30,1775.0,3,79.91,1,80.0,79.91,-47.0,79.91,0.0,79.91,21.1875,0.0,602.6666666666666,79.91,298.0,79.91,429203,0.0259522022440754,0.3461538461538461,-1356.0,-1141.0,1899.0,0.0,241.80450704225353,0.0,0.0,5371.079964960581,no_event,0,0.0,0.0,0,0.0,0.0,0,0.0,0.0,0,0.0,0.0,0,0.0,0.0,0,0.0,0.0,1,0.0,21.1875,1
OIL,TPSDKT,USA,2022-09-30,-320.0,3,79.91,1,980.0,79.91,0.0,79.91,0.0,79.91,-1.326530612244898,0.0,220.0,79.91,419.1666666666667,79.91,429203,0.0259522022440754,0.3461538461538461,-1356.0,-1141.0,1899.0,0.0,-1341.259375,0.0,0.0,5371.079964960581,no_event,0,0.0,-0.0,0,0.0,-0.0,0,0.0,-0.0,0,0.0,-0.0,0,0.0,-0.0,0,0.0,-0.0,1,0.0,-1.326530612244898,1
OIL,TPSDKT,TWN,2022-09-30,-109.0,3,79.91,0,-740.0,79.91,0.0,79.91,192.0,79.91,-0.8527027027027028,0.0,-283.0,79.91,-109.5,79.91,429203,0.0259522022440754,0.3461538461538461,-1356.0,-1141.0,1899.0,0.0,-3937.6422018348626,0.0,0.0,5371.079964960581,no_event,0,0.0,-0.0,0,0.0,-0.0,0,0.0,-0.0,0,0.0,-0.0,0,0.0,-0.0,0,0.0,-0.0,1,0.0,-0.8527027027027028,0
OIL,TPSDKT,VEN,2022-09-30,-9.0,3,79.91,0,157.0,79.91,0.0,79.91,-109.0,79.91,-1.0573248407643312,0.0,49.333333333333336,79.91,-116.83333333333331,79.91,429203,0.0259522022440754,0.3461538461538461,-1356.0,-1141.0,1899.0,0.0,-47689.22222222222,0.0,0.0,5371.079964960581,no_event,0,0.0,-0.0,0,0.0,-0.0,0,0.0,-0.0,0,0.0,-0.0,0,0.0,-0.0,0,0.0,-0.0,1,0.0,-1.0573248407643312,1
OIL,TPSDKT,PRT,2022-09-30,33.0,3,79.91,1,22.0,79.91,0.0,79.91,0.0,79.91,0.5,0.0,18.333333333333332,79.91,-6.666666666666667,79.91,429203,0.0259522022440754,0.3461538461538461,-1356.0,-1141.0,1899.0,0.0,13006.151515151516,0.0,0.0,5371.079964960581,no_event,0,0.0,0.0,0,0.0,0.0,0,0.0,0.0,0,0.0,0.0,0,0.0,0.0,0,0.0,0.0,1,0.0,0.5,0
OIL,TPSDKT,TUN,2023-03-31,25.0,3,75.68,0,27.0,75.68,0.0,75.68,0.0,76.88,-0.074074074074074,0.0,17.333333333333332,75.68,8.666666666666666,76.28,469952,-0.0213553738283698,0.7192307692307692,-3739.0,3750.0,11754.0,0.0,18798.08,0.0,0.0,6209.725158562367,no_event,0,0.0,-0.0,0,0.0,-0.0,0,0.0,-0.0,0,0.0,-0.0,0,0.0,-0.0,0,0.0,-0.0,1,0.0,-0.074074074074074,0
OIL,TPSDKT,SGP,2023-03-31,1825.0,3,75.68,0,-144.0,75.68,0.0,75.68,0.0,75.68,-13.67361111111111,0.0,560.3333333333334,75.68,288.5,75.68,469952,-0.0213553738283698,0.7192307692307692,-3739.0,3750.0,11754.0,0.0,257.5079452054795,0.0,0.0,6209.725158562367,no_event,0,0.0,-0.0,0,0.0,-0.0,0,0.0,-0.0,0,0.0,-0.0,0,0.0,-0.0,0,0.0,-0.0,1,0.0,-13.67361111111111,1
OIL,TPSDKT,PHL,2023-03-31,-4.0,3,75.68,0,-305.0,75.68,0.0,75.68,0.0,75.68,-0.9868852459016394,0.0,-103.0,75.68,1463.6666666666667,75.68,469952,-0.0213553738283698,0.7192307692307692,-3739.0,3750.0,11754.0,0.0,-117488.0,0.0,0.0,6209.725158562367,no_event,0,0.0,-0.0,0,0.0,-0.0,0,0.0,-0.0,0,0.0,-0.0,0,0.0,-0.0,0,0.0,-0.0,1,0.0,-0.9868852459016394,0
OIL,TPSDKT,PER,2023-03-31,-21.0,3,75.68,0,-4.0,75.68,-305.0,75.68,0.0,75.68,4.25,0.0,-110.0,75.68,1460.1666666666667,75.68,469952,-0.0213553738283698,0.7192307692307692,-3739.0,3750.0,11754.0,0.0,-22378.666666666668,0.0,0.0,6209.725158562367,no_event,0,0.0,0.0,0,0.0,0.0,0,0.0,0.0,0,0.0,0.0,0,0.0,0.0,0,0.0,0.0,1,0.0,4.25,0
OIL,TPSDKT,VEN,2023-03-31,2.0,3,75.68,1,-21.0,75.68,-4.0,75.68,-305.0,75.68,-1.0952380952380951,0.0,-7.666666666666667,75.68,-54.666666666666664,75.68,469952,-0.0213553738283698,0.7192307692307692,-3739.0,3750.0,11754.0,0.0,234976.0,0.0,0.0,6209.725158562367,no_event,0,0.0,-0.0,0,0.0,-0.0,0,0.0,-0.0,0,0.0,-0.0,0,0.0,-0.0,0,0.0,-0.0,1,0.0,-1.0952380952380951,1
OIL,TPSDKT,ROU,2023-03-31,147.0,1,75.68,0,1031.0,75.68,0.0,75.68,0.0,75.68,-0.8574199806013579,0.0,392.6666666666667,75.68,199.0,75.68,469952,-0.0213553738283698,0.7192307692307692,-3739.0,3750.0,11754.0,0.0,3196.9523809523807,0.0,0.0,6209.725158562367,no_event,0,0.0,-0.0,0,0.0,-0.0,0,0.0,-0.0,0,0.0,-0.0,0,0.0,-0.0,0,0.0,-0.0,1,0.0,-0.8574199806013579,0
OIL,TPSDKT,THA,2023-06-30,786.0,3,70.66,1,32.0,70.66,0.0,68.11,0.0,68.11,23.5625,0.0,272.6666666666667,69.80999999999999,136.66666666666666,68.96,452182,-0.0162621258895219,0.5884615384615385,-1508.0,8095.0,519.0,0.0,575.295165394402,0.0,7475.0,6399.405604302293,no_event,0,0.0,0.0,0,0.0,0.0,0,0.0,0.0,0,0.0,0.0,0,0.0,0.0,0,0.0,0.0,1,0.0,23.5625,1
OIL,TPSDKT,PER,2023-06-30,258.0,3,70.66,1,-30.0,70.66,0.0,70.66,0.0,70.66,-9.6,0.0,76.0,70.66,169.0,70.66,452182,-0.0162621258895219,0.5884615384615385,-1508.0,8095.0,519.0,0.0,1752.6434108527133,0.0,0.0,6399.405604302293,no_event,0,0.0,-0.0,0,0.0,-0.0,0,0.0,-0.0,0,0.0,-0.0,0,0.0,-0.0,0,0.0,-0.0,1,0.0,-9.6,1
OIL,TPSDKT,NOR,2023-06-30,327.0,3,70.66,1,8.0,70.66,0.0,70.66,0.0,70.66,39.875,0.0,111.66666666666669,70.66,93.83333333333331,70.66,452182,-0.0162621258895219,0.5884615384615385,-1508.0,8095.0,519.0,0.0,1382.819571865443,0.0,0.0,6399.405604302293,no_event,0,0.0,0.0,0,0.0,0.0,0,0.0,0.0,0,0.0,0.0,0,0.0,0.0,0,0.0,0.0,1,0.0,39.875,1
OIL,TPSDKT,POL,2023-06-30,-32.0,3,70.66,0,-51.0,70.66,0.0,70.66,0.0,70.66,-0.3725490196078431,0.0,-27.666666666666668,70.66,42.0,70.66,452182,-0.0162621258895219,0.5884615384615385,-1508.0,8095.0,519.0,0.0,-14130.6875,0.0,0.0,6399.405604302293,no_event,0,0.0,-0.0,0,0.0,-0.0,0,0.0,-0.0,0,0.0,-0.0,0,0.0,-0.0,0,0.0,-0.0,1,0.0,-0.3725490196078431,0
OIL,TPSDKT,SWE,2023-06-30,-147.0,3,70.66,1,-32.0,70.66,-51.0,70.66,0.0,70.66,3.59375,0.0,-76.66666666666667,70.66,16.166666666666668,70.66,452182,-0.0162621258895219,0.5884615384615385,-1508.0,8095.0,519.0,0.0,-3076.0680272108843,0.0,0.0,6399.405604302293,no_event,0,0.0,0.0,0,0.0,0.0,0,0.0,0.0,0,0.0,0.0,0,0.0,0.0,0,0.0,0.0,1,0.0,3.59375,1
OIL,TPSDKT,SGP,2023-06-30,2369.0,3,70.66,1,-147.0,70.66,-32.0,70.66,-51.0,70.66,-17.1156462585034,0.0,730.0,70.66,356.5,70.66,452182,-0.0162621258895219,0.5884615384615385,-1508.0,8095.0,519.0,0.0,190.87463064584213,0.0,0.0,6399.405604302293,no_event,0,0.0,-0.0,0,0.0,-0.0,0,0.0,-0.0,0,0.0,-0.0,0,0.0,-0.0,0,0.0,-0.0,1,0.0,-17.1156462585034,1
OIL,TPSDKT,ROU,2023-06-30,96.0,1,70.66,1,25.0,70.66,0.0,70.66,2369.0,70.66,2.84,0.0,40.333333333333336,70.66,385.1666666666667,70.66,452182,-0.0162621258895219,0.5884615384615385,-1508.0,8095.0,519.0,0.0,4710.229166666667,0.0,0.0,6399.405604302293,no_event,0,0.0,0.0,0,0.0,0.0,0,0.0,0.0,0,0.0,0.0,0,0.0,0.0,0,0.0,0.0,1,0.0,2.84,1
OIL,TPSDKT,ZAF,2023-06-30,-42.0,3,70.66,1,5.0,70.66,0.0,70.66,96.0,70.66,-9.4,0.0,-12.333333333333334,70.66,14.0,70.66,452182,-0.0162621258895219,0.5884615384615385,-1508.0,8095.0,519.0,0.0,-10766.238095238095,0.0,0.0,6399.405604302293,no_event,0,0.0,-0.0,0,0.0,-0.0,0,0.0,-0.0,0,0.0,-0.0,0,0.0,-0.0,0,0.0,-0.0,1,0.0,-9.4,1
OIL,TPSDKT,THA,2024-05-31,691.0,3,77.97,1,295.0,77.97,0.0,77.97,917.0,77.97,1.3423728813559324,0.0,328.6666666666667,77.97,317.1666666666667,79.81,455922,-0.0107791446983011,0.6307692307692307,1233.0,5389.0,-1357.0,0.0,659.8002894356006,0.0,0.0,5847.402847248942,no_event,0,0.0,0.0,0,0.0,0.0,0,0.0,0.0,0,0.0,0.0,0,0.0,0.0,0,0.0,0.0,1,0.0,1.3423728813559324,1
OIL,TPSDKT,USA,2024-05-31,-3335.0,3,77.97,1,33.0,77.97,0.0,77.97,0.0,77.97,-102.06060606060606,0.0,-1100.6666666666667,77.97,-386.0,77.97,455922,-0.0107791446983011,0.6307692307692307,1233.0,5389.0,-1357.0,0.0,-136.70824587706147,0.0,0.0,5847.402847248942,no_event,0,0.0,-0.0,0,0.0,-0.0,0,0.0,-0.0,0,0.0,-0.0,0,0.0,-0.0,0,0.0,-0.0,1,0.0,-102.06060606060606,1
OIL,TPSDKT,VEN,2024-05-31,-33.0,3,77.97,0,-3335.0,77.97,33.0,77.97,0.0,77.97,-0.9901049475262368,0.0,-1111.6666666666667,77.97,-440.6666666666667,77.97,455922,-0.0107791446983011,0.6307692307692307,1233.0,5389.0,-1357.0,0.0,-13815.818181818182,0.0,0.0,5847.402847248942,no_event,0,0.0,-0.0,0,0.0,-0.0,0,0.0,-0.0,0,0.0,-0.0,0,0.0,-0.0,0,0.0,-0.0,1,0.0,-0.9901049475262368,0
OIL,TPSDKT,TUN,2024-05-31,24.0,3,77.97,0,139.0,77.97,0.0,77.97,-33.0,77.97,-0.8273381294964028,0.0,54.333333333333336,77.97,-528.6666666666666,77.97,455922,-0.0107791446983011,0.6307692307692307,1233.0,5389.0,-1357.0,0.0,18996.75,0.0,0.0,5847.402847248942,no_event,0,0.0,-0.0,0,0.0,-0.0,0,0.0,-0.0,0,0.0,-0.0,0,0.0,-0.0,0,0.0,-0.0,1,0.0,-0.8273381294964028,0
OIL,TPSDKT,SWE,2024-05-31,-3.0,3,77.97,1,25.0,77.97,0.0,77.97,73.0,77.97,-1.12,0.0,7.333333333333333,77.97,22.333333333333332,77.97,455922,-0.0107791446983011,0.6307692307692307,1233.0,5389.0,-1357.0,0.0,-151974.0,0.0,0.0,5847.402847248942,no_event,0,0.0,-0.0,0,0.0,-0.0,0,0.0,-0.0,0,0.0,-0.0,0,0.0,-0.0,0,0.0,-0.0,1,0.0,-1.12,1
